username, created_at, lng, lat, text
ClayWakeman, Sat Jan 30 03:36:06 +0000 2021, -116.931737, 44.075704, No skill Ngannou doesnâ€™t have a god damn thing on the heavyweight ğŸ. Itâ€™s baffling to see how many people are takinâ€¦ https://t.co/LGZhvOqdK5 
ReelTalker, Sat Jan 30 03:36:07 +0000 2021, -73.948775, 40.655138, @elenawonders Lol 
DeafITT08, Sat Jan 30 03:36:07 +0000 2021, -79.980689, 40.431389, @WWENXT @WWEEmberMoon @ShotziWWE Good job! 
EverySF311Bike, Sat Jan 30 03:36:07 +0000 2021, -122.434309, 37.763276, 2360 Market StCar parked in bike laneLicense Plate: Unknownhttps://t.co/T6etdwAspZ2021-01-29 19:34:49 https://t.co/6z7n3x0Ij0 
madisonbatts, Sat Jan 30 03:36:07 +0000 2021, -84.433106, 33.767195, I bet a nickel MTG will be the new Speaker, and @GOPLeader will still be trying to figure out what happened while iâ€¦ https://t.co/49njV3slBo 
AngelGutie3, Sat Jan 30 03:36:07 +0000 2021, -100.076888, 31.168893, First to a ğŸ’¯ @MaddySkye #GoSpursGo 
HexHernandez, Sat Jan 30 03:36:07 +0000 2021, -87.732013, 41.833585, I'm tired of trying to keep up.@CTULocal1 good luck. â™¥ï¸ You and your students deserve what you're asking for. 
txkimberco, Sat Jan 30 03:36:07 +0000 2021, -96.961483, 32.863917, @KFILE Sheâ€™s beautiful 
jazzygirl081, Sat Jan 30 03:36:07 +0000 2021, -117.104989, 32.810012, Its just dad 8n the back wuth a red cup of beer in his hand swayed get the door or sonething 
tkdylan, Sat Jan 30 03:36:07 +0000 2021, -73.948775, 40.655138, @RMillennielle At least this means the virus is over soon, though, right? 
karensheebasyke, Sat Jan 30 03:36:08 +0000 2021, -149.758794, 61.235042, @AlisonG71152453 @kathedden @mtgreenee Bot 
MarleyRosario2, Sat Jan 30 03:36:08 +0000 2021, -78.853563, 42.896230, @LaShaeThrower Come on.. itâ€™s a gangsta party lol 
Emilnem, Sat Jan 30 03:36:08 +0000 2021, -88.161555, 30.683649, I feel like disgusting sexual jokes made when women in this industry are just trying to post their hard work and eaâ€¦ https://t.co/2phjwFMh8u 
LittleVodkaOwl, Sat Jan 30 03:36:08 +0000 2021, -105.550890, 38.997936, Can't, doing hot girl shit!*slides into bed at 8:35PM to read a book while cat curls up next to me. 
ProsperPortia, Sat Jan 30 03:36:08 +0000 2021, -85.242564, 35.091954, #WANDAVISION has yet to make any sense to me. I'm not getting the concept. I'll keep watching but ummmm.... https://t.co/JBxsOIBbS1 
intersctellar, Sat Jan 30 03:36:08 +0000 2021, -77.858109, 40.783538, love him ğŸ˜‚ğŸ˜‚ 
bryanwann, Sat Jan 30 03:36:08 +0000 2021, -121.979527, 37.523645, PSA if you're going to wear a N95/KN95 respirator and a surgical mask, the respirator goes on first snugly againstâ€¦ https://t.co/BhBNvNkyjN 
BrandonG_25, Sat Jan 30 03:36:08 +0000 2021, -101.701754, 34.188727, Wow big time move!! 
Krew723, Sat Jan 30 03:36:08 +0000 2021, -94.559281, 39.100048, @devinography1 @CptnDonuts @cujoknows @Rockies @Mets @Twins @Royals @Braves @Rangers @Dbacks @Brewers @Cubs @RedSoxâ€¦ https://t.co/r5IL6oz3mH 
ChristineCasti4, Sat Jan 30 03:36:08 +0000 2021, -79.008801, 43.101794, @skelechiwatson @justinhartley @RevelSpirits ğŸ‚ğŸˆğŸ‰ 
__KLKJ, Sat Jan 30 03:36:08 +0000 2021, -79.857363, 36.090397, I canâ€™t believe yâ€™all slandering On My BlockğŸ’†ğŸ¾â€â™‚ï¸ 
POPinNorthGA, Sat Jan 30 03:36:08 +0000 2021, -83.173867, 32.678207, Just learned that @peacockTV has the 1 show I've really wanted to watch... @Yellowstone here we come... 
MayaPolley, Sat Jan 30 03:36:08 +0000 2021, -94.649311, 31.613941, I believe my job think they running a plantation cause they be slaving a youngin! ğŸ¥´ 
SPRobinson22, Sat Jan 30 03:36:08 +0000 2021, -89.536857, 43.317041, @designsbycary Thatâ€™s when I switched to psychology... 
mayaluuuu, Sat Jan 30 03:36:08 +0000 2021, -119.828696, 34.439463, Dis my bestie... look how fucking banging she is 
bobwojnowski, Sat Jan 30 03:36:08 +0000 2021, -83.377181, 42.484279, Oh thatâ€™s nothing. We had spiders the size of dinner plates! 
adubmatters4, Sat Jan 30 03:36:08 +0000 2021, -82.131598, 39.371958, @Leslieoo7 @laurenboebert https://t.co/i7HbUindLy 
headwhop26, Sat Jan 30 03:36:08 +0000 2021, -104.923822, 39.620282, https://t.co/xasHcaphR9 
KrissyK1213, Sat Jan 30 03:36:09 +0000 2021, -85.768241, 37.822244, @Jamericanspice Ainâ€™t no way thatâ€™s happening! #peoplearecrazy #Dateline 
MauiThomas, Sat Jan 30 03:36:09 +0000 2021, -156.459416, 20.755341, This cause is close to my heart - please sign: https://t.co/GdyHn0BHi8 
gregchristian, Sat Jan 30 03:36:09 +0000 2021, -73.948775, 40.655138, @dudeischill @rsms Bam. https://t.co/o82JGlbVW0 
PedroReza22, Sat Jan 30 03:36:09 +0000 2021, -98.520057, 33.926420, whatâ€™s really going on ğŸ¤¦ğŸ»â€â™‚ï¸ @dallasmavs 
SouthwestNMRail, Sat Jan 30 03:36:09 +0000 2021, -106.632718, 35.117002, Almost Go Time! 
TastyE_Claire, Sat Jan 30 03:36:09 +0000 2021, -75.117998, 40.004866, Also wanted to name my future son Cillian after Cillian Murphy &amp; @papi_quinn is not having it #WELLSEE 
californiasuzie, Sat Jan 30 03:36:09 +0000 2021, -117.253906, 33.045009, @jim_desmond Well, Jim, you are no epidemiologist, thats clear. I guess HS science was difficult for you, too? 
KarloConchina02, Sat Jan 30 03:36:09 +0000 2021, -75.117998, 40.004866, @isaiahthomas Facts! 
lilmama_val, Sat Jan 30 03:36:09 +0000 2021, -122.023841, 37.378397, ğŸ˜­ğŸ˜­ğŸ˜­ 
KaijiTang, Sat Jan 30 03:36:09 +0000 2021, -118.325145, 34.182160, The ass kicking will begin at 7:45pm PST! 
Articus_Folf, Sat Jan 30 03:36:09 +0000 2021, -111.928142, 33.392884, @Sherbet_exe @ThePhae @dogecoin I want to buy more with the dip but God I am scared it won't go back up now 
professordaddyo, Sat Jan 30 03:36:09 +0000 2021, -95.446486, 29.838495, #eduhiphop https://t.co/bVWUfQz6FJ 
savedraMty, Sat Jan 30 03:36:10 +0000 2021, -99.949832, 25.748486, @RomanActivo @bionicsergio ğŸ˜‹ğŸ¤¤ 
Badgalval47, Sat Jan 30 03:36:10 +0000 2021, -117.890736, 33.973046, I need to stop falling asleep on my man when he comes over, get it together bitch 
IngridRacette, Sat Jan 30 03:36:10 +0000 2021, -79.272570, 43.629311, @MoeSargi I Love both 
richardwwillis, Sat Jan 30 03:36:10 +0000 2021, -90.111231, 32.280999, @chaddacus Theyâ€™ll have to let us know, too. Cuz we canâ€™t be there. 
IAmRobRyan, Sat Jan 30 03:36:10 +0000 2021, -118.411907, 34.020789, @Zecca_Lehn @joinClubhouse I donâ€™t wanna take oxygen from young founders sharing their company &amp; mission like todayâ€¦ https://t.co/xEI6dseuFZ 
ToddUnzicker, Sat Jan 30 03:36:10 +0000 2021, -78.515337, 35.959024, @mikewall62 Love ya bro! Praying for you guys! 
GavinMcgarrity, Sat Jan 30 03:36:10 +0000 2021, -74.231090, 40.930357, Huge throw... 54â€™0â€ First time indoor in over a year....#liftheavythrowfar https://t.co/8wdh9ud2Ud 
Jstandberry2, Sat Jan 30 03:36:10 +0000 2021, -95.446486, 29.838495, ğŸ˜‚ğŸ˜‚ğŸ˜‚ 
raguilera68, Sat Jan 30 03:36:10 +0000 2021, -79.861034, 35.170499, @mamachita80 @GabbyLugoz @Aquilesv04 Por aquÃ­ no puedo contar jajajajajajaja jajaja! ğŸ˜„ğŸ¤ªğŸ¤£ğŸ¤­ 
thisfloridalife, Sat Jan 30 03:36:11 +0000 2021, -81.318348, 28.654408, Watched #WANDAVISION and afterwards got a desire to watch the last hour of End Game. First time seeing the â€œPortalsâ€¦ https://t.co/7r4Iok58iy 
majordemo, Sat Jan 30 03:36:11 +0000 2021, -110.892878, 32.302931, @SecretaryHobbs Katie Hobbs for governor. 
marisol_ven, Sat Jan 30 03:36:11 +0000 2021, -106.417430, 31.793368, @MedinaRsepe It was very fun !!!! 
coachjansen, Sat Jan 30 03:36:11 +0000 2021, -86.109951, 42.765600, @CoachMLangley Iâ€™m sad coach. My boys are sad. 
gemidodeperro, Sat Jan 30 03:36:11 +0000 2021, -106.568008, 31.452274, Siempre lo he dicho que el es mejor @lefatfunny  #MasterChefMx https://t.co/ikmgkHWBak 
catesanders_, Sat Jan 30 03:36:11 +0000 2021, -110.915573, 32.189391, Listening to the Lumineers &amp; it just makes me want to drive through a National Forest. 
diamondrenaee1, Sat Jan 30 03:36:11 +0000 2021, -83.890192, 32.548263, Subscribe to our email list for perks on new deals and products â¤ï¸â¤ï¸ #FVSU24 #fvsu #GirlBoss #smallbusinessownerâ€¦ https://t.co/CnhyprWwcA 
1_Triggs, Sat Jan 30 03:36:11 +0000 2021, -84.539813, 39.137038, Mfs canâ€™t believe I was 204 
WLW_MRL, Sat Jan 30 03:36:11 +0000 2021, -71.167135, 42.417040, @Ike58Reese In 27min???? 
JamesIsaak2, Sat Jan 30 03:36:11 +0000 2021, -83.260795, 42.146818, @MargueriteTurl2 @Saskajanet @7StellarJays I try to stop and listen wherever there are lots of those caterpillar webs. 
furqanix, Sat Jan 30 03:36:12 +0000 2021, -94.675094, 38.931549, @ShehzadRoy @ZindagiTrust ÛŒÛ Ø¬Ùˆ Ø§Ø³ØªØ§Ø¯ Ú©Û’ Ø±ÙˆÙ¾ Ù…ÛŒÚº Ø¬Ù„Ø§Ø¯ Ø¨Ù†Ø§ ÛÙˆØ§ ÛÛ’ Ø§Ø³ Ù†Û’ ØµØ±Ù Ù…Ø§Ø± ÛÛŒ Ù†ÛÛŒÚº Ú©Ú¾Ø§Ø¦ÛŒ ÛÙˆÚ¯ÛŒ Ø¨Ù„Ú©Û Ø§Ù¾Ù†Û’ Ø¬Ø§ÛÙ„ Ø§Ø³â€¦ https://t.co/A7ECqDGcxZ 
ClaireGoodwater, Sat Jan 30 03:36:12 +0000 2021, -96.696562, 40.803235, i know david mamet would absolutely hate it but i feel like Muppet glengarry glen ross needs to happen 
joshranft_, Sat Jan 30 03:36:12 +0000 2021, -91.509719, 44.819522, @caffeinatedpup Do all these things! Or, conversely, don't. Choice is yours and yours alone. 
mrcharliej13, Sat Jan 30 03:36:12 +0000 2021, -73.993546, 40.294356, @HidekiPena I hope so! I like the game so far . Just had a second crash. Very early on . Just sucks cause it puts mâ€¦ https://t.co/hsay95wS9F 
hannahhhh_01, Sat Jan 30 03:36:12 +0000 2021, -80.926628, 33.631140, When dee grows his beard out I constantly do this ğŸ˜‚ğŸ˜‚ 
RossiSongo, Sat Jan 30 03:36:12 +0000 2021, -73.968542, 40.780709, Was it Kelly or BeyoncÃ© singing?! This song gives Ashanti or JLo teas.  https://t.co/IH8LAwRzj8 
StickMeister13, Sat Jan 30 03:36:12 +0000 2021, -107.554562, 43.000325, I ainâ€™t sellin #DOGE 
CoachDAmbro, Sat Jan 30 03:36:12 +0000 2021, -117.104989, 32.810012, @DFamber https://t.co/Hn9XiAxFmR 
stephenpallotta, Sat Jan 30 03:36:12 +0000 2021, -73.763825, 42.739121, @spiro_keith I want the full story. How'd it all start, how did it end. Where are we today compared to where we were. 
larepousse, Sat Jan 30 03:36:12 +0000 2021, -71.341059, 46.855857, @patjean8 ğŸ™‹â€â™€ï¸ 
jillianislame, Sat Jan 30 03:36:12 +0000 2021, -117.999409, 34.139172, Getting a call from my manager really truly sends me into a blind panic these days 
Barb_Marleyy, Sat Jan 30 03:36:12 +0000 2021, -80.175763, 25.879932, which my fat could go everywhere but my stomachğŸ¥º 
TitleKingExpres, Sat Jan 30 03:36:13 +0000 2021, -87.632496, 41.883222, 2006 CHRYSLER 300 #titlekingexpress @ Chicago, Illinois https://t.co/0nwUdM5QlH 
jpoole347, Sat Jan 30 03:36:13 +0000 2021, -71.542562, 43.227570, @Coll3enG Oh my ğŸ˜ 
TheresaABoughto, Sat Jan 30 03:36:13 +0000 2021, -90.004841, 40.697025, @VmarsS5 Season 4- defined what a duck RT was and is. I say he wanted to be done. He knew exactly what he was doing. 
evanwitsports, Sat Jan 30 03:36:13 +0000 2021, -87.860723, 42.911746, Can the NL West stop being the cardinals farm system please https://t.co/gaIfnyH3UQ 
Trent_Titan, Sat Jan 30 03:36:13 +0000 2021, -83.269058, 42.664684, Called $AMC #hedgefunds #AMC #gme #wallstreetsbets #robinhood https://t.co/SU94YPJSy0 
SirEdwardJames, Sat Jan 30 03:36:13 +0000 2021, -97.432425, 27.737151, DJ TRIPLE BOYS. 
therealbestdamn, Sat Jan 30 03:36:13 +0000 2021, -84.399400, 39.518900, @bestdamnpodcast #live #latestnews #BreakingNews #trending #currentevents #TopStories #News #breaking #WorldNews CLâ€¦ https://t.co/y2KHr2fcbk 
TeamKaptain08, Sat Jan 30 03:36:13 +0000 2021, -84.202565, 39.430269, Reds about to let this division slip away and they haven't even played a game yet 
omgthatscyrus, Sat Jan 30 03:36:13 +0000 2021, -77.014398, 38.898603, You gotta carry yourself like you the best nigga at what you doğŸ”¥Confidence is key 
BrookeTheDon, Sat Jan 30 03:36:13 +0000 2021, -97.448523, 32.892175, so cliche but everything really does happen for a reason 
jazzygirl081, Sat Jan 30 03:36:13 +0000 2021, -117.104989, 32.810012, In 
wmungadi1, Sat Jan 30 03:36:13 +0000 2021, -93.756100, 41.636688, https://t.co/YKPNbJZ3PuInteresting that the Monitor ran this shameful story. @NationMediaGrp @usmissionuganda @HEBobiwine 
ericsommer, Sat Jan 30 03:36:13 +0000 2021, -79.087682, 35.799631, Rock on Jeff Crew... Thank you!! Pease and beauty!! https://t.co/hAQEVFd5g1 
louisspice, Sat Jan 30 03:36:14 +0000 2021, -123.123581, 49.257639, à¸›à¸£à¸°à¹€à¸—à¸¨à¸„à¸™à¸›à¸£à¸°à¸«à¸¥à¸²à¸”à¹€à¸«à¸£à¸­ à¹€à¸«à¸µà¹‰à¸¢à¹„à¸£à¹€à¸™à¸µà¹ˆà¸¢ 
patpedersenn, Sat Jan 30 03:36:14 +0000 2021, -88.127456, 42.143842, @tikitommy @FowlCurtis @classiclib3ral Wait, no, this isnâ€™t real is it? This has to be a shop 
Gurbirbhullar03, Sat Jan 30 03:36:14 +0000 2021, -79.759591, 43.724971, @vyasvijit @Tsquare_tankman @techbuddyzz @Rajeevrajat @singhaman1904 @rajuparulekar @CPDelhi Dekh ly tere jaisy 400â€¦ https://t.co/ObLih4I8qw 
MyMusicRecord1, Sat Jan 30 03:36:14 +0000 2021, -83.804475, 27.698682, @KevinFarzad Lol I'm dying. 
humorofphilly, Sat Jan 30 03:36:14 +0000 2021, -75.117998, 40.004866, I ainâ€™t get my shit snatched yet 
TDdogs, Sat Jan 30 03:36:14 +0000 2021, -81.453461, 41.516981, @Danimalsdoodoo @Jables696 I allow Jeff to be my coworker. 
ChinLovesIowa, Sat Jan 30 03:36:14 +0000 2021, -91.618471, 41.754823, @schneiderbrett9 Yes 
GorgeousBossKy, Sat Jan 30 03:36:14 +0000 2021, -87.732013, 41.833585, After ii Take These Braids Down Im Getting A Fye Ass Silk Press ğŸ¥° 
_xmanix, Sat Jan 30 03:36:14 +0000 2021, -79.857363, 36.090397, Ummmmm...... the only thing that wasnâ€™t okay was the dog food comment, other than that..... 
RealDAWC, Sat Jan 30 03:36:14 +0000 2021, -90.247824, 38.653771, *When You Drink Cosamigos Like Water* ğŸ°â­ï¸ğŸ¤£ğŸ˜‚ğŸ˜­ğŸ”¥ 
mikalams, Sat Jan 30 03:36:14 +0000 2021, -82.493758, 27.372521, Retweeting this so I donâ€™t lose it again 
Taye1k, Sat Jan 30 03:36:15 +0000 2021, -80.249773, 26.270261, Simply strawberry lemonade SO FUCK GOOD DAWG 
ansleypaige123, Sat Jan 30 03:36:14 +0000 2021, -85.784873, 35.674909, Hey @Murph_314 I canâ€™t take the dress back, so you are definitely stuck with me now ğŸ˜†ğŸ¤ªğŸ˜˜ https://t.co/fI3uUldack 
LazyDogHQ, Sat Jan 30 03:36:15 +0000 2021, -97.100798, 32.874333, We're hiring! Click to apply: Dishwasher - https://t.co/aNlCx9wwgY #Euless, TX 
NewHomesJared, Sat Jan 30 03:36:15 +0000 2021, -83.804475, 27.698682, @OANN Ouch, and some said Trump acted like a dictator 
FearsumBeard, Sat Jan 30 03:36:15 +0000 2021, -100.076888, 31.168893, What is the origin of your gamertag(s)? Go ğŸ‘‡#gamerthings #gamer 
robbiefaulk247, Sat Jan 30 03:36:15 +0000 2021, -89.876449, 32.571032, @edd73 @247Sports Bulldog club rank 
L_Cruz29, Sat Jan 30 03:36:15 +0000 2021, -119.306608, 37.269176, Tired ğŸ˜“ 
MikeJDowling5, Sat Jan 30 03:36:15 +0000 2021, -88.240004, 42.981638, @SamKuffelWx How do the Cardinals always seem to pull these deals off?? 
chaselepard, Sat Jan 30 03:36:15 +0000 2021, -122.435979, 37.770657, tell me youâ€™re from NorCal without telling me youâ€™re from NorCal...iâ€™ll hella start. 
_NEweather, Sat Jan 30 03:36:15 +0000 2021, -74.315005, 40.569527, Oof, time to get some feet pics now Iâ€™m excited. And Iâ€™m not talking about snow ;) 
ArtistNEPA, Sat Jan 30 03:36:15 +0000 2021, -75.193460, 40.985860, Just posted a photo @ The Gallery at Renegade https://t.co/5fGEbS7LQf 
LyricalHill, Sat Jan 30 03:36:15 +0000 2021, -73.948775, 40.655138, itâ€™s very sickening, from the insensitive jokes us Black Americans make towards our home bred  brothers and sistersâ€¦ https://t.co/7rruy4vwsl 
Qtkashh, Sat Jan 30 03:36:15 +0000 2021, -80.228552, 25.858557, I spy something ğŸ§ https://t.co/YzMf3wyugC 
mike90605580, Sat Jan 30 03:36:15 +0000 2021, -83.173867, 32.678207, @Shanassty ğŸ˜ğŸ˜ğŸ˜ğŸ˜ğŸ‘ğŸ”¥ğŸ”¥ğŸ”¥ğŸ”¥get in the grove 
OchoA_Problem, Sat Jan 30 03:36:15 +0000 2021, -73.948775, 40.655138, Headtop 
tKCyclone, Sat Jan 30 03:36:15 +0000 2021, -93.785469, 41.628402, @NotBJUnderwood Because Twitter is rigged 
EroticOtter, Sat Jan 30 03:36:15 +0000 2021, -118.408990, 34.006012, @Noirc11 So sexy, son 
quefregados, Sat Jan 30 03:36:15 +0000 2021, -99.454676, 27.532077, @tinacochina Youâ€™re adventurous!! 
SusanEDub, Sat Jan 30 03:36:15 +0000 2021, -79.420865, 38.003376, @andrewfoxwell @herrmanndigital @Toddmstone @ThatChristinaG @graceofwrath @_EricSherrill @KovachR @AaronOrendorff https://t.co/ZT54c6WBQL 
Majormikeypayne, Sat Jan 30 03:36:16 +0000 2021, -82.236818, 36.326956, When you are just fed up with dum ass people that just talk shit about family https://t.co/1qocmAf8iW 
youlove_shaneka, Sat Jan 30 03:36:16 +0000 2021, -78.895441, 35.990983, My tolerance for people have declined so much. I really donâ€™t be having time for the bs. 
clutchnmanny, Sat Jan 30 03:36:16 +0000 2021, -121.469664, 38.561722, @damn_meza https://t.co/gf9dttWvex 
DOB23, Sat Jan 30 03:36:16 +0000 2021, -89.886490, 38.725107, @abaselineview When speed killed and they had it everywhere. 
tommylang1630, Sat Jan 30 03:36:16 +0000 2021, -91.537062, 41.647354, @hawkize https://t.co/J9nQE6GjCL 
DrNancyGlass1, Sat Jan 30 03:36:16 +0000 2021, -95.446486, 29.838495, @vtfishgirl1 @calicoheartsoul For sure.  I am addicted to books, though..... true confession. 
AlicePhilly, Sat Jan 30 03:36:16 +0000 2021, -75.117998, 40.004866, @BobbiSue @ktrain_11 @Philabundance ğŸ˜ğŸ˜ğŸ˜ğŸ•ğŸ•ğŸ• 
KaplanLadySage, Sat Jan 30 03:36:16 +0000 2021, -120.882482, 47.273022, @mattsalleemusic I don't shower in really hot water, plus a towel warmer is a really great investment. 
chevyguyCT, Sat Jan 30 03:36:17 +0000 2021, -86.680738, 32.576227, ğŸ 
katereneec, Sat Jan 30 03:36:17 +0000 2021, -96.868033, 33.042549, @jortscenter Lmaooooo it ainâ€™t all that 
k_mcclue, Sat Jan 30 03:36:17 +0000 2021, -95.446486, 29.838495, Bruh ğŸ˜‚ğŸ˜‚ğŸ˜‚ğŸ˜‚ğŸ˜‚ğŸ˜‚ 
urdeal59, Sat Jan 30 03:36:17 +0000 2021, -112.124676, 33.552863, @jaywhyelle I have to wonder about the level of stupidity of the people in the state that elected her. 
ReelTalker, Sat Jan 30 03:36:17 +0000 2021, -73.948775, 40.655138, @elenawonders What a time 
Christiandreas6, Sat Jan 30 03:36:18 +0000 2021, -104.789327, 38.888519, I hope Nolan Arenado chooses a Cardinals hat for his Hall of Fame plaque. 
CarolynJG1127, Sat Jan 30 03:36:17 +0000 2021, -86.791549, 36.200008, Um @beamiller we love u that was sm fun ğŸ¥ºğŸ¥ºğŸ¤ğŸ¤ğŸ¤ https://t.co/KMl1nCgDYr 
Myhappylifekc, Sat Jan 30 03:36:18 +0000 2021, -83.804475, 27.698682, Perfect https://t.co/3oxX5b4l5x 
dlite_13, Sat Jan 30 03:36:18 +0000 2021, -76.563611, 38.252222, Let go of the chains that are binding you to unhappinessğŸ•Š @ St. Mary's County, Maryland https://t.co/z6mxg8At9t 
jonathandreedDC, Sat Jan 30 03:36:18 +0000 2021, -77.085400, 38.891400, ğŸ’¸ğŸ’¸ğŸ’¸ğŸ‡ºğŸ‡¸ @ Arlington, Virginia https://t.co/NtyIF4H0Iu 
woaholivia1, Sat Jan 30 03:36:18 +0000 2021, -95.189469, 29.511978, if iâ€™m ever somehow on broadway and i tweet negatively about bootlegs just know iâ€™m LYING theatre needs to become mâ€¦ https://t.co/PUsFk3NAUd 
rh18641, Sat Jan 30 03:36:18 +0000 2021, -122.435979, 37.770657, @miss8elle Ú†Ø·ÙˆØ± Ø§Ø¹ØªÙ…Ø§Ø¯ ÙƒØ±Ø¯Ù‰ØŸ 
buckeru, Sat Jan 30 03:36:18 +0000 2021, -97.057882, 33.087951, @EJeanMarie64 Bigger stove than the one I had 
ster1ingsilver, Sat Jan 30 03:36:18 +0000 2021, -119.306608, 37.269176, @Reuters @Breakingviews If the product is free, you are the product. 
Felodaju357, Sat Jan 30 03:36:18 +0000 2021, -90.158017, 32.230987, @areaitiaera Before I would think Rhino easy. But man hippos can real deal be some dangerous ass holes 
TbirdTr3y_10, Sat Jan 30 03:36:18 +0000 2021, -100.076888, 31.168893, D3JOUNT3!!! #GoSpursGo #ThatsMyPG 
RWGII, Sat Jan 30 03:36:18 +0000 2021, -81.397958, 40.927924, @LibbyTard5 @CorkySwift2 ok so how many people got this? lol 
TheGreat_Keeno, Sat Jan 30 03:36:18 +0000 2021, -98.319925, 38.498196, Street lotteryğŸ”¥ğŸ”¥ğŸ”¥ğŸ”¥ğŸ”¥ 
andrewhanlontv, Sat Jan 30 03:36:18 +0000 2021, -88.320063, 44.292037, https://t.co/H8YOwiba1a 
jynnantonnyx42, Sat Jan 30 03:36:18 +0000 2021, -104.922093, 39.713563, Any time you can trade away a once-in-a-generation talent, pay 1/4 of his remaining salary, and get nothing but junâ€¦ https://t.co/AZyfQarK75 
nightcareoption, Sat Jan 30 03:36:19 +0000 2021, -93.464883, 45.108532, @GolfSoBad @IowaPublicRadio awesome Mickey, I bet you did just fine! 
Theshlumpedgod, Sat Jan 30 03:36:19 +0000 2021, -84.433106, 33.767195, @feelickss Hold on lmao where TF he come from 
mruzz, Sat Jan 30 03:36:19 +0000 2021, -73.733984, 40.803066, @saturdaysun2009 @yarnsmith64 @PreetBharara May I take this time to suggest anything live by the Grateful Dead.  Foâ€¦ https://t.co/SCTg1sKI9F 
morfeosonora, Sat Jan 30 03:36:19 +0000 2021, -111.498181, 28.969863, Vamos regresar en la 8va ğŸ˜›ğŸ˜›ğŸŠâš¾ï¸ğŸŠğŸŠğŸ™Œâš¾ï¸ğŸ‘ğŸ¼ğŸ‘ğŸ¼#LAMPxSKY 
kpmitton, Sat Jan 30 03:36:19 +0000 2021, -83.121415, 42.689094, https://t.co/gx0X4Wapq5 
RealKieranLyons, Sat Jan 30 03:36:19 +0000 2021, -73.053745, 41.224028, @MissieDeeDee @saylahachey And right on Amazon Prime ğŸ‘ 
pROBablyStewart, Sat Jan 30 03:36:19 +0000 2021, -111.967516, 41.082539, There must be Saran Wrap on the @dallasmavs hoop. 
ChinLovesIowa, Sat Jan 30 03:36:19 +0000 2021, -91.618471, 41.754823, @thebstiles Fun 
lburchett36, Sat Jan 30 03:36:19 +0000 2021, -112.124676, 33.552863, @scsmith0877 Man, told you it was good 
michaelnef44, Sat Jan 30 03:36:20 +0000 2021, -117.116533, 32.573709, Yes Brian Giesenschlag, Savardâ€™s beard is so full, you could hide a small curly fries in it. *badum ts* #CBJ 
Ratchett_boss, Sat Jan 30 03:36:20 +0000 2021, -97.753840, 31.079307, @Garry_Lawal @NazimRUs Yes 
ymarathe, Sat Jan 30 03:36:20 +0000 2021, -85.922362, 39.211432, @brianrkramer Let me introduce you to Bolivia https://t.co/OmsLgKrVu0 
Helen_Highly, Sat Jan 30 03:36:20 +0000 2021, -73.968542, 40.780709, @JoyAnnReid Who is â€œtheyâ€ exactly? Isnâ€™t it time we start saying simply they ARE extremists? The republican party is now the Treason Party. 
MadisonHope_16, Sat Jan 30 03:36:20 +0000 2021, -94.696224, 37.405767, @_kaci_lee https://t.co/rBRA5tpmly 
22tbrads22, Sat Jan 30 03:36:20 +0000 2021, -86.856560, 33.124701, @_BB3_ Under .800 OPS away from coors, donâ€™t care. 
ms_naturalgirl, Sat Jan 30 03:36:20 +0000 2021, -89.922029, 35.133521, Watching #LittleWomenATL 
callmemj23, Sat Jan 30 03:36:20 +0000 2021, -80.761158, 41.097471, itching for a red tattoo , itâ€™s gon take years to get into anybodyâ€™s chair though ğŸ¥´ğŸ¤£ 
ariieevanitii, Sat Jan 30 03:36:20 +0000 2021, -117.104989, 32.810012, Yâ€™all I wanted to do the silhouette challenge but the more I see the more I cringe itâ€™s kinda awkward 
danicaeve, Sat Jan 30 03:36:20 +0000 2021, -86.791549, 36.200008, SEC reviewing volatility amid GameStop frenzy, vows to protect retail investors https://t.co/b5VL3EpJMf 
PaulKingsley7, Sat Jan 30 03:36:20 +0000 2021, -75.770041, 42.746617, @chrislerch @WillCleveland13 @DandC Pezzolaâ€™s nickname is â€œSpazâ€. 
LlcMisty, Sat Jan 30 03:36:20 +0000 2021, -82.576345, 36.975659, I always wanted to do things I couldnâ€™t...I donâ€™t think thereâ€™s anything wrong with that either. I learn. 
goshikistan, Sat Jan 30 03:36:21 +0000 2021, -97.114771, 33.202495, metzlers i love you 
PH1Losophical, Sat Jan 30 03:36:21 +0000 2021, -95.446486, 29.838495, Me before every beer pong game 
leboongo, Sat Jan 30 03:36:21 +0000 2021, -75.625038, 45.482744, @EmmanuelEmmab @benjimk ğŸ¤£ğŸ¤£ğŸ¤£ğŸ¤£ğŸ¤£ 
mscarrieboo_, Sat Jan 30 03:36:21 +0000 2021, -93.809434, 32.461107, God Is Great ğŸ™ğŸ¼ 
COMEUPQUEEN, Sat Jan 30 03:36:21 +0000 2021, -118.411907, 34.020789, Omg 
Johnnyv78, Sat Jan 30 03:36:21 +0000 2021, -118.731399, 34.267311, Im bored want to leave 
BeauClesca, Sat Jan 30 03:36:21 +0000 2021, -74.211700, 40.766000, â¤ï¸ğŸ‡­ğŸ‡¹ğŸ‡ºğŸ‡¸â€¢Pa kite yo vin di wâ€™.â€¢Donâ€™t let them come and tell you.â€¢Ne les laissez pas venir vous dire.â€¢No les dejâ€¦ https://t.co/kHF0PXQEig 
AlliCinema, Sat Jan 30 03:36:21 +0000 2021, -118.411907, 34.020789, That awkward moment when OJ gets his vaccine before you do. https://t.co/JVI4Cv8EBM 
oatmama_, Sat Jan 30 03:36:21 +0000 2021, -85.641142, 42.956412, In the two years of not owning a car, I forgot a fundamental of my personality which is: sitting in my car in a parâ€¦ https://t.co/KKz5Gr1YwR 
RussellVine1981, Sat Jan 30 03:36:21 +0000 2021, -119.306608, 37.269176, How is it 
Cowbell_Kingdom, Sat Jan 30 03:36:21 +0000 2021, -121.469664, 38.561722, Say no to TANKING #SacramentoProud ğŸ“±https://t.co/kl4N1Y5VmL https://t.co/dzifTrtBkD 
seniordonkey, Sat Jan 30 03:36:21 +0000 2021, -71.103453, 42.118578, Might have to cop one ğŸ”¥ 
Chefjuanmora, Sat Jan 30 03:36:22 +0000 2021, -88.447387, 43.762552, @CheapSeats411 @Harp4803 @Terence_M_Young @theaaronhansen @MailmanJack65 @White_Sox_Talk @S_K_POWELLâ€¦ https://t.co/rdG52amXQi 
CliftonGrooms, Sat Jan 30 03:36:22 +0000 2021, -94.827686, 39.758329, This hit like a ton bricks today. I donâ€™t have many words to say at the moment. RIP to my step brother Seth love yoâ€¦ https://t.co/JFWKKGlt5o 
lilavvocado, Sat Jan 30 03:36:22 +0000 2021, -93.262046, 44.970610, @user000000o1 Jesus Christ 
soulidt, Sat Jan 30 03:36:22 +0000 2021, -80.926628, 33.631140, Gimme me some female assassin movies to watch. 
ball_trever, Sat Jan 30 03:36:22 +0000 2021, -123.029015, 44.935084, One of the best Iâ€™ve ever worked with! Love ya Larkin. Good luck in your journey to the beyondğŸ‘ŠğŸ» 
allena__x, Sat Jan 30 03:36:22 +0000 2021, -123.123581, 49.257639, @Kaylightning I'm sending you all my love ğŸ’• https://t.co/05p40MX5bZ 
MuskokaCoach18, Sat Jan 30 03:36:22 +0000 2021, -79.189872, 45.047623, Just got home from the rink and heard in order for Canada to battle the UK variant of Covid we have banned all fligâ€¦ https://t.co/CEImgLdhiM 
JohnAmorim4, Sat Jan 30 03:36:22 +0000 2021, -75.117998, 40.004866, @MiamiHerald @Carl_Hiaasen This guy is a pathological liar. 
phillzcoffee, Sat Jan 30 03:36:22 +0000 2021, -73.948775, 40.655138, @NoWaveCoffee Yep. Brooks and Tommy are off contract this year. And yeah they liked Russâ€™s â€œcharacter.â€Beal at leaâ€¦ https://t.co/G9seb716DS 
wisski01, Sat Jan 30 03:36:22 +0000 2021, -122.455344, 47.242960, She will never win 
parah_robert, Sat Jan 30 03:36:22 +0000 2021, -72.451172, 43.871757, @Kewlchik31 Iâ€™m doing fine sweetheart thanks for asking how you doing sweetheart? 
Magill_Bauerle, Sat Jan 30 03:36:22 +0000 2021, -81.800579, 32.440511, @KickXel DemonğŸ˜ˆğŸ˜ˆ 
gaymiIa, Sat Jan 30 03:36:22 +0000 2021, -121.739163, 38.558554, check on your friends but take care of yourself 
barbiebrox, Sat Jan 30 03:36:22 +0000 2021, -89.135170, 41.346671, @RealBrysonGray Me too!Dallas here I come! ğŸ‡ºğŸ‡² 
mlebischak, Sat Jan 30 03:36:22 +0000 2021, -95.446486, 29.838495, Used to love watching the D'Backs and Rockies square off when Goldschmidt &amp; Arenado were leading the respective squâ€¦ https://t.co/WUBHPEHUwh 
brentlythomas, Sat Jan 30 03:36:22 +0000 2021, -87.732013, 41.833585, @jaboukie https://t.co/FSwIaBGHE9 
Loyalty03610440, Sat Jan 30 03:36:22 +0000 2021, -96.476539, 32.092979, AMEN ğŸ™ŒğŸ¾ I'm so grateful friend ğŸ™ŒğŸ¾ 
mariemeee___, Sat Jan 30 03:36:22 +0000 2021, -95.446486, 29.838495, ğŸ˜‚ 
pxpgraphics, Sat Jan 30 03:36:23 +0000 2021, -122.228685, 37.791994, @bryanbartow @eschaton @xenadu02 @schwa @gravicle I see this both ways... experts also have the opportunity to learâ€¦ https://t.co/ftSJUL2kno 
OneGreatUser, Sat Jan 30 03:36:23 +0000 2021, -81.037826, 35.226411, ğŸ—£@ViktorTheViking I see something @TwitchPoiZzoN is looking pretty good https://t.co/pVHviHg56q 
johnjbeatonjr, Sat Jan 30 03:36:23 +0000 2021, -70.363531, 41.667737, @KarinaLongworth Whatâ€™s Up Doc? 
foxflores, Sat Jan 30 03:36:23 +0000 2021, -117.887439, 33.739992, @GustavoArellano ğŸ¤£ 
30sbabyyy, Sat Jan 30 03:36:23 +0000 2021, -117.887439, 33.739992, ğŸ…°ï¸K. 
mikealexbolling, Sat Jan 30 03:36:23 +0000 2021, -87.732013, 41.833585, Guarantees!!!! @OldTakesExposed âœï¸â€œAll butâ€ â€” heâ€™s a media guy for sure! 
TheBillyDixon, Sat Jan 30 03:36:24 +0000 2021, -76.255686, 36.895082, If you sensitive don't listenThere I said it 
kimwroblewski_, Sat Jan 30 03:36:24 +0000 2021, -87.896835, 42.883274, @sydnemorgann But free form always makes it seem like theyâ€™re for women empowerment so Iâ€™m confused 
DCSnead6, Sat Jan 30 03:36:24 +0000 2021, -82.985772, 39.994684, LONZOOOO 
LindaVonniessen, Sat Jan 30 03:36:24 +0000 2021, -121.796444, 37.985661, @CNNPolitics I am speechless,seeing those to,but why I am not surprised!!! 
absinthefather, Sat Jan 30 03:36:24 +0000 2021, -75.117998, 40.004866, @residentkilljoy i miss you 
acesmalls, Sat Jan 30 03:36:24 +0000 2021, -84.433106, 33.767195, Please go to sleep 
JWLevitt, Sat Jan 30 03:36:24 +0000 2021, -98.319925, 38.498196, @sydlovesspuds Oh yay! 
ross_meyerson, Sat Jan 30 03:36:25 +0000 2021, -118.411907, 34.020789, @Thischarminham @Athletics That was Roy Steele for me. I unfortunately lived away from the bay for most of Callahanâ€¦ https://t.co/LNVIGamuaV 
EWCWFWrestling, Sat Jan 30 03:36:25 +0000 2021, -81.921456, 41.490977, [:Breaking News:] The finals of the king Ring are postponed Until nightmare is cleared 
paulthecajunguy, Sat Jan 30 03:36:25 +0000 2021, -90.706767, 29.648702, @JangoBunBun @RoannokeGaming Not as bad as that commenter tho 
A2protectsA1, Sat Jan 30 03:36:25 +0000 2021, -117.257114, 32.993884, @ChuckCallesto https://t.co/YoVHSm156A 
Myss_Willis, Sat Jan 30 03:36:25 +0000 2021, -73.948775, 40.655138, @WCoopcity ğŸ˜­ğŸ˜‚ğŸ¤£ luckily itâ€™s only a few cents. Iâ€™m more pissed at amc!!! How long we sposed to hold for!!! Damn!!! 
Mavpuck, Sat Jan 30 03:36:26 +0000 2021, -96.053431, 41.275721, Yikes. Shorty attempt for NoDak.Get it together guys! 
hmoneyy1, Sat Jan 30 03:36:26 +0000 2021, -157.799589, 21.319944, @keiaralockett ğŸ˜ŒğŸ˜ŒğŸ˜ŒğŸ˜Œ 
milk_grl, Sat Jan 30 03:36:26 +0000 2021, -82.567008, 35.539073, @a_flex_is I had no idea ğŸ˜§ 
ColoradoCatie, Sat Jan 30 03:36:26 +0000 2021, -104.922093, 39.713563, @GoProFun Thank you!! 
rockinrobinwv, Sat Jan 30 03:36:26 +0000 2021, -81.733039, 38.375562, @SteveHofstetter Vile 
illiniwez85, Sat Jan 30 03:36:26 +0000 2021, -85.565688, 42.290524, @ChiefBigG How is it Illinois keeps getting Mr Illinois basketball that can't play dead? Adam Miller is disappointing to say the least. 
Sonofsoul78, Sat Jan 30 03:36:26 +0000 2021, -87.805900, 42.726100, Just posted a video @ Racine, Wisconsin https://t.co/3752UrEwjZ 
RickAndGriff, Sat Jan 30 03:36:26 +0000 2021, -84.433106, 33.767195, @Phoenix_atl @MissLaLaRi But ya looked fierce once they all fell off! ğŸ˜ 
georgia_geen, Sat Jan 30 03:36:26 +0000 2021, -73.199118, 41.185674, yeah dude youâ€™re right, life is about choices. like how I am 22 and I can either choose to repair my car or get groâ€¦ https://t.co/mmj1oQsZja 
SwiftyBankai, Sat Jan 30 03:36:26 +0000 2021, -87.967292, 43.056722, @BunnyGain0 @SwiftyBankai 
anormalcollar, Sat Jan 30 03:36:26 +0000 2021, -77.604684, 41.117936, @stephiesmallls Whoa.  Delete all and start over 
PoundCakeGH, Sat Jan 30 03:36:26 +0000 2021, -123.130836, 49.174242, @luxagami Who was it? 
wendtmanfred, Sat Jan 30 03:36:27 +0000 2021, -100.076888, 31.168893, Doge right now https://t.co/exPNFm7XhK 
Mrs_Meowmerz, Sat Jan 30 03:36:27 +0000 2021, -93.018145, 45.067479, I wasn't sure if I should comment this but @LATH1SMS is so important to me. Not exaggerating, until I stumbled uponâ€¦ https://t.co/v2tq6s5OJI 
forthegallows, Sat Jan 30 03:36:27 +0000 2021, -93.205056, 45.165333, THIS IS SO GOOD 
stacexface712, Sat Jan 30 03:36:27 +0000 2021, -75.417173, 41.085932, @rowe_boat Iâ€™ll cry rn 
tinymanji, Sat Jan 30 03:36:27 +0000 2021, -80.631132, 35.401981, Mets owner is Charmin ultra soft for deleting his Twitter. 
holidaymatinee, Sat Jan 30 03:36:27 +0000 2021, -74.258623, 40.748984, Today, I joined a town hall for parents @square and it was so refreshing to hear 1) Iâ€™m not alone and 2) itâ€™s perfeâ€¦ https://t.co/935TFFyLGh 
jenniferlopezm8, Sat Jan 30 03:36:27 +0000 2021, -100.076888, 31.168893, I love when I get a teacher that motivates her students so much like yasss girl thank you ğŸ¥ºğŸ¤ 
JJoshhh, Sat Jan 30 03:36:27 +0000 2021, -88.161555, 30.683649, Moeâ€™s 
AnalogJoy_the, Sat Jan 30 03:36:27 +0000 2021, -82.567008, 35.539073, Please help: how can I stop buying good games that I find on clearance shelves at 50% sometimes 75% off? Am I the oâ€¦ https://t.co/mDInJusvQ6 
maya_chavez_, Sat Jan 30 03:36:28 +0000 2021, -71.421832, 41.817084, @waksmulski ğŸ˜‚ğŸ˜‚ğŸ˜‚#cancelnickhemond 
Aprophecy310, Sat Jan 30 03:36:28 +0000 2021, -118.203378, 33.925262, @brazybratzdoll Me too!!! 
Coach_H_HHS, Sat Jan 30 03:36:28 +0000 2021, -86.846753, 40.407236, Raiders with the Dib against the all transfer team. Nice work @ben_hendersson and @jakewa1ters ğŸ”·ğŸ”¶ğŸ”·ğŸ”¶ 
barbieguerreroo, Sat Jan 30 03:36:28 +0000 2021, -100.293591, 25.641718, a mi si me gustarÃ­a ser conocida por muchas personas y que se refirieran a mi como âœ¨â€œayyy ella es mi amigAâ€âœ¨ 
humorofphilly, Sat Jan 30 03:36:28 +0000 2021, -75.117998, 40.004866, You AInt get ya bitch back yet 
NicksElixir, Sat Jan 30 03:36:28 +0000 2021, -74.508969, 39.446196, @tinnkky Agree. It's not timeless. Unless the film is specifically about pandemics and plagues. 
jocejo1880, Sat Jan 30 03:36:28 +0000 2021, -100.293591, 25.641718, Mostrando Algunos de mis Jerseys https://t.co/4wya03Bl8U via @YouTube 
johnedugan, Sat Jan 30 03:36:28 +0000 2021, -87.732013, 41.833585, @kennykeil GOAT 
EarlRob14400178, Sat Jan 30 03:36:28 +0000 2021, -84.370972, 39.184262, @NEGirl711 In 86 
lexistexasss, Sat Jan 30 03:36:28 +0000 2021, -80.770749, 28.361336, Im not with the bullshit fr 
JeffDebray, Sat Jan 30 03:36:28 +0000 2021, -117.434547, 47.667438, @DHThompson38 the reason I supported him obvi ğŸ˜‚ 
daddy_nugs, Sat Jan 30 03:36:28 +0000 2021, -122.455344, 47.242960, So happy to be back in the weed industryğŸ¥² 
OscarVisiedo, Sat Jan 30 03:36:28 +0000 2021, -80.304663, 25.857732, @WaltDisneyWorld The new Mickey. https://t.co/PjQZvWudfb 
PeteNJ41, Sat Jan 30 03:36:28 +0000 2021, -74.259939, 39.933079, @tjschu @grandoldmemes Sheâ€™s honest.  Thatâ€™s the most important qualification. 
TOMBZZZ, Sat Jan 30 03:36:28 +0000 2021, -87.732013, 41.833585, Admittedly wasn't familiar w @AidanSokolMusic before this @spaceyacht stream tonight but damn that was a slick set.â€¦ https://t.co/mMSpEdvJEc 
EDennison, Sat Jan 30 03:36:29 +0000 2021, -95.913642, 36.109392, @MagsVisaggs TJ was a red head 
MiguelAmodio, Sat Jan 30 03:36:29 +0000 2021, -118.244500, 34.056400, My olâ€™ GMC Terrain has evolved into a Chevy Traverse RS. Already getting a few basic mods for this bad bi**h, but tâ€¦ https://t.co/rTJyxjFRPg 
JayZawaski670, Sat Jan 30 03:36:29 +0000 2021, -87.665193, 41.558940, Before you vote, really consider the question. All things considered, do you feel the 2021 Blackhawks are underachieving? 
LittleVodkaOwl, Sat Jan 30 03:36:29 +0000 2021, -105.550890, 38.997936, @its_me_your_mom *at ruining everythingThere fixed it 
Cu_shay_la, Sat Jan 30 03:36:29 +0000 2021, -119.306608, 37.269176, Having a sugar daddy is wonderful Paid hotel , paid trip , paying for my hair ğŸ˜Œ and no punani was given up and sentâ€¦ https://t.co/skD15Qy882 
Eddy_564, Sat Jan 30 03:36:29 +0000 2021, -117.104989, 32.810012, My top favorite shows of all time 
galiotacabron, Sat Jan 30 03:36:29 +0000 2021, -122.330602, 47.614817, https://t.co/M8rStLladx 
coltwhitmore, Sat Jan 30 03:36:30 +0000 2021, -111.972870, 43.489950, Chillin with my homies! @jeffngreg @ Greybush Studios https://t.co/z01CNmxoJI 
gabriemh19, Sat Jan 30 03:36:30 +0000 2021, -121.896165, 37.431473, $0.02 go and get some #DOGE 
JaelinTheUncle, Sat Jan 30 03:36:30 +0000 2021, -94.559281, 39.100048, *Dick Sucked * 
ScottPoi, Sat Jan 30 03:36:30 +0000 2021, -93.463637, 37.125845, @micarebear1 Sheâ€™s absolutely horrible.  Her looks have been so messy.  If she wasnâ€™t good at comedy sheâ€™d be nobody. 
KaroneGodley, Sat Jan 30 03:36:30 +0000 2021, -80.846785, 35.209059, HğŸ’™gH https://t.co/LBxUaZmvHh 
Cutt_ThaCheck, Sat Jan 30 03:36:30 +0000 2021, -80.090977, 26.640987, Sometimes I feel so mad but donâ€™t know who or what to be mad at ğŸ™‚ğŸ™‚ 
mzkatie30, Sat Jan 30 03:36:30 +0000 2021, -111.926000, 33.493100, Just posted a photo @ Scottsdale, Arizona https://t.co/Pbqa44zbxD 
kajunboi, Sat Jan 30 03:36:31 +0000 2021, -83.804475, 27.698682, Shit hot asf 
navigatorjoe, Sat Jan 30 03:36:31 +0000 2021, -79.861034, 35.170499, @RhozalynGordon You have my prayers. I am so sorry. 
jazzygirl081, Sat Jan 30 03:36:31 +0000 2021, -117.104989, 32.810012, Something 
JudeAcers, Sat Jan 30 03:36:31 +0000 2021, -90.060911, 29.959494, Looking for Jude? After dark or when the weather is bad, grab a drink and play a socially-distanced chess game withâ€¦ https://t.co/TWVFEHY58t 
JohnKasprzyk3, Sat Jan 30 03:36:31 +0000 2021, -82.916217, 42.672327, @Thisisbigvoice @Richard52744742 @WhiteHouse45 Social security is a program that every working person pays into aloâ€¦ https://t.co/8wAzDtkhch 
reachsummitpod, Sat Jan 30 03:36:31 +0000 2021, -93.221873, 45.563599, Inbounds stolen by Rebraca. Hawks hang on! 
Iman_Chatman0, Sat Jan 30 03:36:31 +0000 2021, -117.104989, 32.810012, https://t.co/G9TUk9IeD9 
QueenSarahSatur, Sat Jan 30 03:36:31 +0000 2021, -73.948775, 40.655138, @redditinvestors I'd tell her to get bent, but, I don't know how she could get more crooked. 
leticiaadelfino, Sat Jan 30 03:36:32 +0000 2021, -77.014398, 38.898603, In need of a very serious professional massage. Does #covid approve? 
mc954fl, Sat Jan 30 03:36:32 +0000 2021, -80.146175, 26.121126, Tasty Vibrations at Backyard  https://t.co/halaR46xqi 
angelicjuju, Sat Jan 30 03:36:32 +0000 2021, -80.953992, 34.085261, @_itskellykell You look so beautiful ğŸ¥ºğŸ˜ 
BenjaminNething, Sat Jan 30 03:36:32 +0000 2021, -82.669467, 40.365160, @jrlikeswhisky ty 
RobbieRaughRN, Sat Jan 30 03:36:32 +0000 2021, -78.764632, 43.009117, https://t.co/RCaIt5lBJs 
fernapaba, Sat Jan 30 03:36:32 +0000 2021, -81.549320, 28.304521, Dr. Compotica, sÃ­rvase presentar tres ejemplos de la â€œmegalomanÃ­aâ€ y tres del â€œunanimismoâ€ de @petrogustavo en casoâ€¦ https://t.co/kBnP2hdKQl 
hendrickson7777, Sat Jan 30 03:36:32 +0000 2021, -83.622481, 43.085117, Exactly 
PeterFlorio14, Sat Jan 30 03:36:32 +0000 2021, -84.426804, 46.532680, @Hisname_is_Mudd @dboissoneau Yeah for sure man.  I know.. he'd already be coach of the Flames and Ward wouldn't.â€¦ https://t.co/XUcUZvstQa 
irishsara88, Sat Jan 30 03:36:32 +0000 2021, -75.085715, 40.562320, @dannydietrich ğŸ˜³ğŸ’ªğŸ¼ 
TSO_Patrick, Sat Jan 30 03:36:32 +0000 2021, -105.123320, 39.685852, @JMattWeaver Been in Denver 21 years...still a Cardinals fan. Rockies mgmt has done little to change my mind as farâ€¦ https://t.co/OUyujFeU69 
jay_tate, Sat Jan 30 03:36:33 +0000 2021, -86.541606, 35.954332, I get my hair cut in the morning! ğŸ™ŒğŸ½ I missed last week so Iâ€™m feeling a little rough lol 
MLK_859, Sat Jan 30 03:36:33 +0000 2021, -85.768241, 37.822244, GOP Q US Representative Greene says 9/11 happened when Obama was president. Called ant White person that voted forâ€¦ https://t.co/E30tyhZ5s9 
thesunsetnoir, Sat Jan 30 03:36:33 +0000 2021, -90.011008, 29.982601, Should I start Bridgerton , Wanda vision , or bling empire ????? Or should I go to bed ?! 
BrocatoDan, Sat Jan 30 03:36:33 +0000 2021, -90.168199, 29.960024, @tine__christine Pawwty 
WSMVLisaSpencer, Sat Jan 30 03:36:33 +0000 2021, -86.791549, 36.200008, @Tom_Stanford @LBannonWX Yes it doesğŸ˜Š 
_its_tash, Sat Jan 30 03:36:33 +0000 2021, -81.453461, 41.516981, Hope these next few days fly past 
MetalBlonde, Sat Jan 30 03:36:33 +0000 2021, -123.490236, 48.826854, @KDunbarWrites @BretInVancouver Oh yessssss I need!! 
nickpulice514, Sat Jan 30 03:36:33 +0000 2021, -71.088712, 42.313670, https://t.co/cl8hrW7reY 
Penvic2030, Sat Jan 30 03:36:33 +0000 2021, -122.144030, 37.414371, the Globalists want a fascist totalitarian dystopian society. Just think of the former Soviet Union, Communist Chinâ€¦ https://t.co/Z2AD26dwgd 
movement_doc_, Sat Jan 30 03:36:33 +0000 2021, -95.446486, 29.838495, Name: Jackson Lidisky @JacksonLidisky School: George Ranch HS Position: QBClass: 2023Very mature, very poised!â€¦ https://t.co/0tlpApnkBw 
alexxfuselier, Sat Jan 30 03:36:33 +0000 2021, -71.683502, 42.036939, @eggsaladbabey REST YOUR MIND SWEET REGIS!!!!! mental health trumps a gpa that serves capitalism and an unhealthy iâ€¦ https://t.co/XCT80loSFX 
VeraPtDaRzrAway, Sat Jan 30 03:36:33 +0000 2021, -77.017853, 39.008349, What exactly grossed you out? 
kariecupcake, Sat Jan 30 03:36:34 +0000 2021, -118.036983, 33.818910, @JeanetteAlfor16 Haha most are douchy 
TheJeromeHalcyo, Sat Jan 30 03:36:34 +0000 2021, -118.411907, 34.020789, Why did they have to cut Charli XCXâ€™s @charli_xcx fire verse in the lip-sync? ğŸ˜© #DragRace https://t.co/iHG31R8xyW 
rr1955, Sat Jan 30 03:36:34 +0000 2021, -100.076888, 31.168893, There is a direct correlation to age of Democrats and level of hypocrisy. Older ones just hang on to old beliefs, oâ€¦ https://t.co/XdV7fRvo7z 
lilieae__, Sat Jan 30 03:36:34 +0000 2021, -118.411907, 34.020789, I really wanna go on a date and get Mochi ice cream ğŸ¥º 
carlosurri, Sat Jan 30 03:36:34 +0000 2021, -80.369153, 25.825643, @dontyounou ğŸ˜³ 
ricebowl1982, Sat Jan 30 03:36:34 +0000 2021, -100.000000, 40.000000, â€œTrust me, you can dance.â€- Tequila #cao82 @espolontequila #reposado #wellplayedtequila @ United States https://t.co/781cpg15Rd 
AndyMac970, Sat Jan 30 03:36:34 +0000 2021, -98.123250, 29.705614, @Elessar010 They are the ROCKIES. They donâ€™t want your good players. 
ChinLovesIowa, Sat Jan 30 03:36:34 +0000 2021, -91.618471, 41.754823, @AustinJRoberts Same wait what 
DillyDiIIy0, Sat Jan 30 03:36:34 +0000 2021, -93.208902, 30.331407, Why do they pronounce Kofi Cockburn as Kofi Coburn?Might as well say cock burn because itâ€™s worse trying to hide tâ€¦ https://t.co/atm3VjXHHJ 
allaboutkayla_, Sat Jan 30 03:36:34 +0000 2021, -84.470388, 33.631277, EVERY MONTH??? TALK YO SHIT!!!! 
tj_morrison714, Sat Jan 30 03:36:34 +0000 2021, -111.866554, 40.407070, Niang out there looking more like an excursion than a minivan ğŸ˜¤ #TakeNote 
Saguaro_HS, Sat Jan 30 03:36:34 +0000 2021, -111.906275, 33.526597, We are going to OT @SaguaroHSHoops https://t.co/IoP5I9zWxB 
B0iFrmDaSouth, Sat Jan 30 03:36:35 +0000 2021, -80.926628, 33.631140, @ShahidiAndre @prince_raheem12 Wya 
maddiedovi21_, Sat Jan 30 03:36:35 +0000 2021, -75.770041, 42.746617, The Little Things was SO GOOD 
TheRealShawn65, Sat Jan 30 03:36:35 +0000 2021, -100.076888, 31.168893, @ReportsDaNews Bye Ted Cruz you POS. 
rksimonlaw, Sat Jan 30 03:36:35 +0000 2021, -80.132962, 25.816966, Those cameras saved her. @DatelineNBC @DatelineNBCProd #Dateline 
FuckTheRestt710, Sat Jan 30 03:36:35 +0000 2021, -116.888907, 33.747793, Canâ€™t be a spin out queen sorry ğŸ¤·â€â™‚ï¸ğŸ˜‚ğŸ˜‚ğŸ˜‚ gotta have bars sonny 
UofLSU, Sat Jan 30 03:36:35 +0000 2021, -90.007789, 34.942182, @ProFootballTalk Arthur Smith must be sum serious... 
varolsunirkimiz, Sat Jan 30 03:36:35 +0000 2021, -75.152170, 38.620866, ğŸºğŸºğŸº https://t.co/5DIHiZeZrv 
EDnSantaPaula, Sat Jan 30 03:36:35 +0000 2021, -119.228992, 34.289689, @jonstewart The doors are open now Johnny. Welcome. 
MamacitaStellla, Sat Jan 30 03:36:35 +0000 2021, -122.330800, 47.604600, Mood 25/8 @ Seattle, Washington https://t.co/8y9dKpaOYY 
danpolis, Sat Jan 30 03:36:35 +0000 2021, -118.411907, 34.020789, @quintabrunson https://t.co/T5xzGx0mEz 
EirichNathan, Sat Jan 30 03:36:35 +0000 2021, -89.765519, 30.297863, sellouts 
CMBrookePinto, Sat Jan 30 03:36:35 +0000 2021, -77.014398, 38.898603, ğŸš¨Child care, nursery, &amp; private school teachers will be eligible for COVID-19 vaccines starting Monday, Feb 1. OSSEâ€¦ https://t.co/ygfmnx5aeO 
awfulchriss, Sat Jan 30 03:36:35 +0000 2021, -95.446486, 29.838495, 6 sources of income! 
larepousse, Sat Jan 30 03:36:35 +0000 2021, -71.341059, 46.855857, @matheosxander Câ€™est excellent! Faut tu toffres la saison 1 
OchoA_Problem, Sat Jan 30 03:36:35 +0000 2021, -73.948775, 40.655138, On his Mata 
RonJoyaa, Sat Jan 30 03:36:36 +0000 2021, -95.446486, 29.838495, Not gonna lie I forgot Biden was President ğŸ˜­ğŸ˜­ 
PaulDaytona22, Sat Jan 30 03:36:36 +0000 2021, -81.068556, 29.190223, Jesus said, "The city I'm giving you is eternal." 
test5geo1798, Sat Jan 30 03:36:36 +0000 2021, -118.411907, 34.020789, TEST_GEO_Hierarchy: cdcde25f-88b5-4a80-9f6f-f80b24bca69c 
thexwilhelminax, Sat Jan 30 03:36:36 +0000 2021, -76.473111, 44.320833, https://t.co/bZ7zdrCUhY 
lizethramirezr1, Sat Jan 30 03:36:36 +0000 2021, -111.498181, 28.969863, ya mÃ¡tenme o algo 
test5geo1798, Sat Jan 30 03:36:36 +0000 2021, -119.306608, 37.269176, TEST_GEO_Hierarchy: f2f019ed-3c07-4b24-955b-c1842784aee7 
JustinSanity53, Sat Jan 30 03:36:36 +0000 2021, -117.294096, 34.134925, @EviRodrigo Hubby can video us. 
vkhetan_iit, Sat Jan 30 03:36:36 +0000 2021, -122.395602, 37.792150, Nice puffy clouds and clear sky. https://t.co/cMmevlWTc7 
PseudoNic, Sat Jan 30 03:36:36 +0000 2021, -97.134208, 32.844933, @thatdudeovrthr Thanks!I'll be honest, it was a particularly ugly onion to start with. Had two bulbs unes the papâ€¦ https://t.co/wAWzMhNsnS 
micahwhite, Sat Jan 30 03:36:36 +0000 2021, -104.922093, 39.713563, @AlexKeck Whooooooole different 
hippiegoddess17, Sat Jan 30 03:36:36 +0000 2021, -166.599693, 23.691364, Coming from a nigga that looks like he would do some un consenting bullshit any dude who says rape isnâ€™t a touchy sâ€¦ https://t.co/aVbp0m6Xan 
IlanaMaier, Sat Jan 30 03:36:36 +0000 2021, -73.968542, 40.780709, @kaleypillinger @LevineDowntown @TeamLevineNYC @MarkLevineNYC @natan_horowitz @MattMcRell97 @AparajitaKaphle I keepâ€¦ https://t.co/9gbmMXF8sY 
DekRecords, Sat Jan 30 03:36:36 +0000 2021, -80.127848, 40.689780, @MeekMill @djkhaled @Diddy Tell your iPhone play Prescription by SG https://t.co/aKNwN0aZev 
_AsiaChante, Sat Jan 30 03:36:37 +0000 2021, -74.499264, 40.511209, @MsDolly_ No deadassss 
KekeRobasaurus, Sat Jan 30 03:36:37 +0000 2021, -109.103726, 25.921947, Si soy ğŸ¥°ğŸ¥° https://t.co/rBEL5XAD3Z 
bby_peachh, Sat Jan 30 03:36:37 +0000 2021, -95.913642, 36.109392, @janessav iâ€™m fuckin dead, i literally loled 
warmlykelly, Sat Jan 30 03:36:37 +0000 2021, -122.330602, 47.614817, @double_whammied A decade...celebrating you! 
larry_heath, Sat Jan 30 03:36:37 +0000 2021, -79.272570, 43.629311, can anyone recommend any mastering engineers who arenâ€™t white dudes? 
MarcyWin4D, Sat Jan 30 03:36:37 +0000 2021, -97.813645, 30.505958, @UnitedHypocrisy @DDaltonBennett The FBI sucks..we still do not have enough information about the Vegas shooting 
arielleestoria, Sat Jan 30 03:36:37 +0000 2021, -118.131964, 34.177310, @kjramseywrites Wow Iâ€™m so sooory love 
Sombirband, Sat Jan 30 03:36:37 +0000 2021, -122.311821, 48.418120, \m/  https://t.co/ZXRvp1y231 
FKomics, Sat Jan 30 03:36:37 +0000 2021, -122.435979, 37.770657, @youlovez0 @cumfornikki Eating, This Look Untouched!! ğŸ™ˆğŸ¥‚ 
NYCKING, Sat Jan 30 03:36:37 +0000 2021, -73.831187, 40.670879, #NBA #Mavs fans watching ugly 1st Qtr https://t.co/N8JtMr4loD 
trd_mike, Sat Jan 30 03:36:37 +0000 2021, -121.716454, 37.931388, I wanna buy moreeeeeee wtf 
xNighthammerx, Sat Jan 30 03:36:37 +0000 2021, -88.447387, 43.762552, Lift a friend up. Be supportive. Love each other. Be the change. 
BigplayRay5, Sat Jan 30 03:36:38 +0000 2021, -121.998644, 37.973327, @SharikaSoal84 You are certainly not trash. Keep Trumping....it looks good on ya. âœŒğŸ½#Magaseason 
ALBritto, Sat Jan 30 03:36:38 +0000 2021, -81.381449, 31.177709, @DogecoinRise Rip 
tkoning, Sat Jan 30 03:36:38 +0000 2021, -121.979527, 37.523645, @ScannerFremont What?!  Iâ€™m at Jackâ€™s!  Oh wait, thatâ€™s at the Hub. Lol, I need another beer ğŸº. Lol 
AyyeeMonique, Sat Jan 30 03:36:38 +0000 2021, -86.611411, 34.706027, Update buddy applying PRESSURE honey. 
mrp, Sat Jan 30 03:36:38 +0000 2021, -122.435979, 37.770657, @goldman â€œYou look like you were a high school athleteâ€¦â€ https://t.co/2NcdiRud5j 
AxelRoldos, Sat Jan 30 03:36:38 +0000 2021, -84.433106, 33.767195, It's time to abolish the filibuster. I'm going to make this my new obsession. Whatever it takes. I want this For thâ€¦ https://t.co/oNssjtHRUC 
itsmepaninii, Sat Jan 30 03:36:38 +0000 2021, -91.401008, 30.937336, @queenoftoontown i swear sometimes i forget that it happened my brain literally repressed it. but yes i would overpâ€¦ https://t.co/hybPQH51Oo 
SavageWOLFX3, Sat Jan 30 03:36:39 +0000 2021, -80.321611, 25.912833, https://t.co/0xePwddNG9 
LaquieshaIsLuv, Sat Jan 30 03:36:39 +0000 2021, -118.411907, 34.020789, Forgot I had half ah bleezy already rolled ğŸ¤ª 
TylerHydrick, Sat Jan 30 03:36:39 +0000 2021, -92.131274, 34.751936, Corn planted in south Texas? Man. It amazes me how much earlier they get the jump on us. This stuff will have a funâ€¦ https://t.co/2LsCIKft53 
Uncle__Jimbo, Sat Jan 30 03:36:39 +0000 2021, -71.138700, 42.657100, Hoppy, sweet, light resin. - Drinking a Hop Evolution by @LordHoboBrewing @ The Park Street Pub  â€” https://t.co/WtrMpFJniS 
kourtneysneed, Sat Jan 30 03:36:39 +0000 2021, -98.716992, 35.309047, @shalyssamarie ğŸ˜— 
_MoneyMitch214, Sat Jan 30 03:36:39 +0000 2021, -96.586749, 32.973067, @CreagsList Yeah I saw him on cnn sSHOOK ğŸ˜‚ğŸ˜‚. I was like okkk I need to move somewhere else. They buggin 
smurphy44511, Sat Jan 30 03:36:39 +0000 2021, -80.761158, 41.097471, Ohio becomes more embarrassing every day 
ace292325, Sat Jan 30 03:36:39 +0000 2021, -74.240032, 40.417493, Good night so far we won and Dallas losing by 20 ğŸ˜‚ğŸ˜‚ #NewYorkForever #knicks 
refugiomigema, Sat Jan 30 03:36:39 +0000 2021, -73.832419, 40.756873, Acaba de publicar un video en New York  U.S.A. https://t.co/QOFxKfbuGB 
angieslife, Sat Jan 30 03:36:39 +0000 2021, -83.725610, 42.994459, https://t.co/CIanYv3ksg 
HereForSKIBEE, Sat Jan 30 03:36:39 +0000 2021, -81.431481, 41.659147, I love being Pside 
cnsrvtvefreak, Sat Jan 30 03:36:39 +0000 2021, -74.214139, 40.766601, ğŸ’ªğŸ½ https://t.co/9oyy5oYhyG 
paulmcmorris411, Sat Jan 30 03:36:40 +0000 2021, -91.618471, 41.754823, @marcmorehouse I was hoping for more JoeT and Perkins for foot speed, defense, and athleticism. Better matchup at guard. 
artiefogel, Sat Jan 30 03:36:40 +0000 2021, -80.233328, 25.782353, @CreativCulinary @MarcyWin4D @DDaltonBennett Your correct it was Antifa 
jakeswy, Sat Jan 30 03:36:40 +0000 2021, -78.260874, 42.888872, I donâ€™t ever wanna do anything at all everythingâ€™s a damn chore ğŸ¥´ 
Iam_Wonka, Sat Jan 30 03:36:40 +0000 2021, -81.068556, 29.190223, I put hearts under my coworker picture and now her boyfriend mad https://t.co/k8ibsWgWRG 
knotchicken, Sat Jan 30 03:36:40 +0000 2021, -96.761753, 32.819858, "All I need is yo license plate number" 
EricksenBrandon, Sat Jan 30 03:36:40 +0000 2021, -100.076888, 31.168893, Well turning this game off 
Kevin_Kinkead, Sat Jan 30 03:36:40 +0000 2021, -77.604684, 41.117936, Joel Embiid now shooting a career-high 83.4% from the foul line on a career-high 12.2 FTA per 36 minutes. Those areâ€¦ https://t.co/lVGIDZxzqm 
Iam_Wonka, Sat Jan 30 03:36:40 +0000 2021, -81.068556, 29.190223, I should I add some more ğŸ¤£ğŸ¤£ğŸ¤£ğŸ¤£ 
el_cactuss, Sat Jan 30 03:36:40 +0000 2021, -83.173867, 32.678207, @greedyahs I wonâ€™t tolerate Ed sheers slander on my page ğŸ˜¤ğŸ˜¤ğŸ˜¤ lol heâ€™s literally one of my top faves. 
lovelylilbelly, Sat Jan 30 03:36:40 +0000 2021, -111.928142, 33.392884, @quistyna Lmaooo my mom would never. ğŸ˜‚ğŸ˜‚ğŸ˜‚ 
MrPTP21, Sat Jan 30 03:36:40 +0000 2021, -79.820465, 43.381396, @KateBDoll Kate! hahahaha. Thatâ€™s so good lol. 
BrowncoatKal, Sat Jan 30 03:36:40 +0000 2021, -75.770041, 42.746617, If the year has been hard on you and you donâ€™t feel as though you can donate, I completely understand. Â Thank you aâ€¦ https://t.co/iQ7PlChi3f 
buddy_ferrara, Sat Jan 30 03:36:40 +0000 2021, -85.722346, 38.195555, At this point, Iâ€™m so desperate Iâ€™d do unspeakable things to take a cake to the dome from Steve Aoki mid set 
SixthManShow, Sat Jan 30 03:36:41 +0000 2021, -82.665911, 28.300058, @EKoffsky No one knows exactly what happened with Mo. Itâ€™s unfair to say he â€œscrewed upâ€, plenty of people take eveâ€¦ https://t.co/GANbXvznnJ 
CHSmrGeorge, Sat Jan 30 03:36:41 +0000 2021, -94.827686, 39.758329, @Lpike25 And I thank you, sir!!! 
ItzMrBlunt2Yall, Sat Jan 30 03:36:41 +0000 2021, -117.000831, 32.705576, @ZayGotWingz @im_kdthoee EASY 
Frank07Mendoza, Sat Jan 30 03:36:41 +0000 2021, -77.207932, 39.136097, El Secreto Para Adelgazar... ğŸ˜ https://t.co/PtjbX8ENMp 
angelavela, Sat Jan 30 03:36:41 +0000 2021, -87.732013, 41.833585, @edwinmarcial19 @NPR 5/...needs to change. Hedge funds should absolutely NOT be allowed to short 140%. And if theirâ€¦ https://t.co/IWt5XGXhPJ 
_missgroce, Sat Jan 30 03:36:41 +0000 2021, -95.390870, 29.737360, This King Cake flavor is some of the best gelato Iâ€™ve ever had! ğŸ˜©ğŸ˜‹ğŸ¤—@SweetCupGelato https://t.co/1WrlkbJo6Q 
Zo_It_Is, Sat Jan 30 03:36:41 +0000 2021, -89.993913, 34.848492, Damn phone tryna burn my face off ğŸ˜¬ 
michaelnef44, Sat Jan 30 03:36:41 +0000 2021, -117.116533, 32.573709, @EPLightTheLamp Well itâ€™s Joonas. ;) 
withluvindira, Sat Jan 30 03:36:41 +0000 2021, -121.873730, 37.331159, These fucking cramps feel like contractions FML 
rpgood6, Sat Jan 30 03:36:41 +0000 2021, -81.228315, 31.983883, @leprekhan And that includes trading to take on huge contracts 
og___cam, Sat Jan 30 03:36:41 +0000 2021, -82.985772, 39.994684, Bet 
ThomasOtterman, Sat Jan 30 03:36:41 +0000 2021, -149.758794, 61.235042, @horrormuseum @dommyinla @USCCinema ğŸ˜‚ speaking of Sisley and EbertğŸ˜‚I remember watching the show as a kid (mainly tâ€¦ https://t.co/zmfQ2eC4T5 
LenaGarciaD, Sat Jan 30 03:36:41 +0000 2021, -96.835249, 33.150140, White claw is like drinking a diet. Gross and uncalled for. Donâ€™t do it!!!! 
marygonza24, Sat Jan 30 03:36:41 +0000 2021, -94.378332, 39.088004, @PCK1013 Thank you ğŸ¤— 
THP1640, Sat Jan 30 03:36:42 +0000 2021, -123.279343, 44.569246, @clydeechols @TheRickWilson @YouTube Says fan of Junior, Cruz. 
Auroramwj, Sat Jan 30 03:36:42 +0000 2021, -121.914430, 37.821165, Stay safe. 
face_ventura, Sat Jan 30 03:36:42 +0000 2021, -105.999107, 35.656551, @LeBuuuuut @CraigtheDodge @Rockies Ive been yelling about this trade the last 30 mins....i dont know what to say 
TiffanyElora, Sat Jan 30 03:36:42 +0000 2021, -110.915573, 32.189391, "I cannot walk and chew gum at the same time although that was part of the job requirement." RESIGN if you can't doâ€¦ https://t.co/gBgAtIjBOh 
jake_ray3, Sat Jan 30 03:36:42 +0000 2021, -82.669467, 40.365160, I am looking forward to this. 
JMattWeaver, Sat Jan 30 03:36:42 +0000 2021, -86.680738, 32.576227, @LucasLeeTweets And even that took winning what, 17 of the last 20, and a marathon game 163 against the Padres? 
_natalieperez_, Sat Jan 30 03:36:42 +0000 2021, -74.153947, 40.572376, @Laurenbaker8007 hiiii love ğŸ¥°ğŸ’— how are you?! 
ArenaRegulars, Sat Jan 30 03:36:42 +0000 2021, -79.272570, 43.629311, @ghirapurigears This happened to me too! Report it as a bug! 
tatyanasamone, Sat Jan 30 03:36:42 +0000 2021, -83.173867, 32.678207, Im annoyed. 
DaveFultonWrang, Sat Jan 30 03:36:43 +0000 2021, -80.846785, 35.209059, @jcoker1 @pug6994 @NCMarrk ğŸ‘ 
jennniam_, Sat Jan 30 03:36:43 +0000 2021, -117.700903, 34.071742, I want to birth babies for minority women naturally and safely ğŸ˜ ğŸ˜  can my chronic fatigue pls go away so I can get this degree 
sraeyuh, Sat Jan 30 03:36:43 +0000 2021, -112.124676, 33.552863, real friend https://t.co/A6RCZQMTeX 
jazzygirl081, Sat Jan 30 03:36:43 +0000 2021, -117.104989, 32.810012, Angelajazzy https://t.co/AYcUklokqB 
SJGAINES99, Sat Jan 30 03:36:43 +0000 2021, -100.076888, 31.168893, @MelissasProduce Done! â€¼â€¼â€¼ 
cereal_whore, Sat Jan 30 03:36:43 +0000 2021, -101.897173, 33.570526, Iâ€™m really buzzed off on white claw ğŸ˜ 
Grillman73, Sat Jan 30 03:36:43 +0000 2021, -119.034349, 34.225328, Beautiful 
humorofphilly, Sat Jan 30 03:36:43 +0000 2021, -75.117998, 40.004866, Levels to this shit 
camilo_hdezd, Sat Jan 30 03:36:43 +0000 2021, -118.399639, 34.082497, @juankyAG Busca, que debe haber una app pa eso. 
passionn___, Sat Jan 30 03:36:43 +0000 2021, -95.446486, 29.838495, the one, not the two . https://t.co/DsYRKHfMne 
jimcclintock, Sat Jan 30 03:36:43 +0000 2021, -95.690732, 39.037579, @RoyalsSac206Fan @TheFakeNed Good tweet Brett 
LobooTweets, Sat Jan 30 03:36:43 +0000 2021, -82.324702, 28.224502, Popping my strip club cherry 
FefferCapital, Sat Jan 30 03:36:43 +0000 2021, -95.446486, 29.838495, The naivete of wsb 
DJ_BlackNoodles, Sat Jan 30 03:36:43 +0000 2021, -76.620482, 39.284713, @theeMINDOFARIEL LMAOOOOO my mom a Pisces Iâ€™m a Virgo rising abandonment at 15 then out by 19 or 20 ğŸ™ƒğŸ˜­ 
meghanann, Sat Jan 30 03:36:43 +0000 2021, -122.755776, 49.285459, Ahh @White_Spot took the nabashi prawns off the menu and Iâ€™m kinda bummed about it ğŸ˜ I love seafood!! 
phantomdaimon, Sat Jan 30 03:36:44 +0000 2021, -84.371791, 39.622087, @firstorderen because the virus? or money? 
marknoble, Sat Jan 30 03:36:44 +0000 2021, -82.914538, 40.148988, @nguyenkvvn @DeAngelisCorey 
santi15, Sat Jan 30 03:36:44 +0000 2021, -81.504908, 31.214489, Por ti descubri que una noche no tiene medidaQue estando en tus brazos se vuelve llorar de alegriaPor ti descubriâ€¦ https://t.co/Gzh46O92d3 
mateoastorga, Sat Jan 30 03:36:44 +0000 2021, -106.632718, 35.117002, @L3Luisa ğŸ™€ğŸ‘ğŸ™‹â€â™‚ï¸ 
tacosnotwar, Sat Jan 30 03:36:44 +0000 2021, -118.411907, 34.020789, @luffy6612 Mines were about $170 I think but Iâ€™ve had them since 2013! They really do last :) 
EarlRob14400178, Sat Jan 30 03:36:44 +0000 2021, -84.370972, 39.184262, @alexinwonland ğŸ˜ğŸ˜ğŸ˜ğŸ˜ 
RealClelland, Sat Jan 30 03:36:44 +0000 2021, -117.562152, 34.121670, @oppositeofsalt I'm a licensed insurance agent and the Board Chair for a wonderful 501(c)(3) non-profit organizatioâ€¦ https://t.co/vPzqbhXrmc 
MistressFAVORI1, Sat Jan 30 03:36:44 +0000 2021, -79.645081, 43.418190, @ninjasexparty MAKE IT STOP MAKE IT STOP MAKE STOP STOP TELL MY ITS GOING TO BE KOKAY SOOTH ME LOVE ME FOR 5 SECONDS PLEEEEEAAAASSSEEEE 
runderrickbean, Sat Jan 30 03:36:44 +0000 2021, -84.905665, 41.945302, How are you going to follow up a a double wheelstand to the line for the final transfer with "modified heats are up next"? 
HTR_pod, Sat Jan 30 03:36:44 +0000 2021, -91.130806, 40.810943, WHO KNOWS WHAT TIME IT IS?! https://t.co/fKXfShwZGh 
tiffkuroki, Sat Jan 30 03:36:44 +0000 2021, -110.915573, 32.189391, @KSmallsK @_huntergracee i love this so much for you baby! donâ€™t ever settle for less! 
JonathanEmile, Sat Jan 30 03:36:44 +0000 2021, -73.723025, 45.557830, @tanikacharles7 Fam. ğŸ˜ª 
UnkleCharles, Sat Jan 30 03:36:44 +0000 2021, -120.862479, 37.499596, @MtgOwenFletcher No for big events. Play what you have. It's really more about the gathering than anything else. Buâ€¦ https://t.co/yMIOqEHeGS 
sebavicto, Sat Jan 30 03:36:44 +0000 2021, -73.723025, 45.557830, @andresscagliola SerÃ­a desarrollada por el Ãºnico â€œLicenciadoâ€ en genÃ©tica humana y su laboratorio: #Sendicvac 
AGWeisheit, Sat Jan 30 03:36:44 +0000 2021, -85.922362, 39.211432, @Lakersallthewa3 You on the whiskey tonight? Iâ€™m not letting Smith go for Brown, and neither is Ballard, you donâ€™tâ€¦ https://t.co/FvRpNQ0fLE 
Colton_p27, Sat Jan 30 03:36:44 +0000 2021, -91.401008, 30.937336, I swear ima wife this girl 
TheSaraNoH, Sat Jan 30 03:36:44 +0000 2021, -112.099190, 40.697940, @yoookimberly THANK YOU. 
johnjbeatonjr, Sat Jan 30 03:36:44 +0000 2021, -70.363531, 41.667737, @KarinaLongworth My Favorite Year 
bawbbzz, Sat Jan 30 03:36:44 +0000 2021, -73.831187, 40.670879, U R CORRECT @amandakloots ABOUT HOW SCENTS RE-ACT 2 YOUR BODYS BALANCE . .IM CONSTANTLY COMPLAINING ABOUT HOW PEOPLâ€¦ https://t.co/IqnCmlzRTQ 
mfigroid, Sat Jan 30 03:36:45 +0000 2021, -117.905645, 33.663609, I just witnessed my first instance of double masking. Inside a bar. People are idiots. Their extra mask cancelled my lack of one. 
JamesIsaak2, Sat Jan 30 03:36:45 +0000 2021, -83.260795, 42.146818, @KimMiser Oh, I'll bet they love that! 
jeradgreen494, Sat Jan 30 03:36:45 +0000 2021, -82.781883, 34.721469, Folks in South Carolina said, â€œwhat pandemic?â€  ğŸ‘€ 
MapsSalamanca, Sat Jan 30 03:36:45 +0000 2021, -80.322631, 25.940281, El amor de mi vida es chiquito... tiene 10 aÃ±os y se llama Juan Pablo Salamanca Beltran â¤ï¸ğŸ¥º... (hace mucho mucho noâ€¦ https://t.co/YdDWBOReV4 
lakebrahlands, Sat Jan 30 03:36:45 +0000 2021, -96.761753, 32.819858, Oh shit, I forgot to bet against the Mavs. 
jamcclurkin, Sat Jan 30 03:36:45 +0000 2021, -96.053431, 41.275721, @MNHS_Basketball @TBirdBB @MNHSActivities Congrats Hunter 
ZmbabweH, Sat Jan 30 03:36:45 +0000 2021, -79.861034, 35.170499, We ready I'm  getting my body together right now crop tops is being served this summer 
StarMakerBolin, Sat Jan 30 03:36:45 +0000 2021, -85.722346, 38.195555, @SpectorRaven @PalmerReport @DaveBautista I donâ€™t know what we have to do to motivate him to come on but we communiâ€¦ https://t.co/YnEulYdQj4 
SWCRHockey, Sat Jan 30 03:36:45 +0000 2021, -93.594558, 44.806077, Stars get one back near the end of the second. Olimb deflection from Oâ€™Connell. 2-4. Shots 13-22. https://t.co/HctEjLCUxs 
pikittakbo, Sat Jan 30 03:36:45 +0000 2021, -73.831187, 40.670879, Get to work RIGHT NOW for @disruptionary Moumita. It is now OR NEVER 
TheRevYouKnow, Sat Jan 30 03:36:45 +0000 2021, -81.367773, 28.501678, @matoaka23 meanwhile, I'm up by ten or so. Like I said, piss the right people off. :) 
Ctinaloves2read, Sat Jan 30 03:36:46 +0000 2021, -73.977717, 40.705597, My spoiled baby.... https://t.co/i4rSCfjG5U 
evanwitsports, Sat Jan 30 03:36:46 +0000 2021, -87.860723, 42.911746, @JayDizzyD @kt_lynMichelle I had the same reaction. 
kwarninthemorn, Sat Jan 30 03:36:46 +0000 2021, -79.857363, 36.090397, @SlickPropaganda @scott_fowler like a tweet every once in awhile before disputing me, I donâ€™t mind debating if youâ€™â€¦ https://t.co/0DgGhxotYI 
SirEdwardJames, Sat Jan 30 03:36:46 +0000 2021, -97.432425, 27.737151, BIG BODY. Holy crap this kid is special. 
JimPepeWBB, Sat Jan 30 03:36:46 +0000 2021, -90.011008, 29.982601, Pompano Beach? At 30 lbs above his last fight weight (circa 2018), #TrevorBryan needs to incorporate a lot more griâ€¦ https://t.co/6OuBT32FHF 
GorgeousBossKy, Sat Jan 30 03:36:46 +0000 2021, -87.732013, 41.833585, My Bestfriend Really Got Her Body Did ğŸ˜‚ğŸ˜ 
bcsmith23, Sat Jan 30 03:36:46 +0000 2021, -73.856858, 41.035301, @AyorkaJozeph @jimcramer I hope you make millions of dollars. However, take a look at your local #GME store and letâ€¦ https://t.co/iIndWUhcEF 
devireddyshashi, Sat Jan 30 03:36:47 +0000 2021, -97.150999, 32.960651, @VijayChilla ğŸ˜‰ğŸ‘ğŸ™ 
TammiMinoski, Sat Jan 30 03:36:47 +0000 2021, -81.536358, 41.495131, @halciber I might end up dead! ğŸ˜¯ğŸ˜„ğŸ˜„ 
DavidHammond, Sat Jan 30 03:36:47 +0000 2021, -87.788333, 41.885278, Two cute little lamb burger babies nestled in one of Carolynâ€™s cozy homemade buns, with fantastic sauce and air-friâ€¦ https://t.co/ytfzPBQvMG 
nejsnave, Sat Jan 30 03:36:47 +0000 2021, -79.272570, 43.629311, Great, researched thread that debunks  "vaccine placement" panic and self-hatred as a nation lol 
StayTruuuuu_2u, Sat Jan 30 03:36:47 +0000 2021, -83.173867, 32.678207, @ThegirlJT ğŸ”¥ğŸ’™ğŸ¥° 
Jeyyya, Sat Jan 30 03:36:47 +0000 2021, -117.294096, 34.134925, Howw ğŸ¤£ğŸ¤£ 
edward_lasseter, Sat Jan 30 03:36:47 +0000 2021, -81.100852, 33.992021, https://t.co/svyYWGMyv4 @ZooATL @GeorgiaAquarium @SCaquarium @SCStateMuseum @RiverbanksZoo @greenvillezoo @NCZooâ€¦ https://t.co/M47HHDUuJb 
conallgribben, Sat Jan 30 03:36:48 +0000 2021, -80.233328, 25.782353, @Andy @MeghanMcCain @evanrosskatz @mdyson81 
Whosanthonie, Sat Jan 30 03:36:48 +0000 2021, -84.273398, 33.703428, Oorrrrr or...people start and finish things at different parts of their lives and you shouldnâ€™t look to your left oâ€¦ https://t.co/PqYMiI6my5 
gothgfdotorg, Sat Jan 30 03:36:48 +0000 2021, -81.803052, 41.480418, @tarynperky Iâ€™m focusing on allowing myself to feel all the emotions but Iâ€™m very fortunate to be able to focus onâ€¦ https://t.co/dMWmyh7gvB 
KendallV92, Sat Jan 30 03:36:48 +0000 2021, -73.831187, 40.670879, I think I like this one https://t.co/kxi1d7YqEx 
hayley03_, Sat Jan 30 03:36:48 +0000 2021, -81.733039, 38.375562, Someone please tell jacob that Amelia needs a dog sibling to grow up with, because he wonâ€™t listen to me lol 
i_am_kyry, Sat Jan 30 03:36:48 +0000 2021, -87.732013, 41.833585, Untucked is like old Untucked! This Bronx vs. South Atlanta moment is REAL! https://t.co/nPfVaTB9Ef 
_acg18, Sat Jan 30 03:36:48 +0000 2021, -100.293591, 25.641718, Toy triste 
evanponter, Sat Jan 30 03:36:48 +0000 2021, -118.411907, 34.020789, https://t.co/rcX0wssKkf 
LeeNaAj1, Sat Jan 30 03:36:48 +0000 2021, -77.101999, 38.880845, Ø¥Ù„Ù‰ Ø§Ù„Ø£Ø¨Ø¯ ØŸØŸ Ù„Ø§ Ø§Ø¹ØªÙ‚Ø¯ Ø£Ø¨Ø¯Ø§Ù‹ .. ÙˆØ¬ÙˆØ¯Ù‡ Ù„Ø·ÙŠÙ .. ØºÙŠØ§Ø¨Ù‡ Ù„Ø§ ÙŠØ¶Ø± !ÙˆØ­Ø¯Ù‡Ø§ Ù†ÙØ³Ùƒ .. Ù‡ÙŠ Ù…Ù† ØªØ¨Ù‚Ù‰ Ø¥Ù„Ù‰ Ø§Ù„Ø£Ø¨Ø¯ 
xo_connie, Sat Jan 30 03:36:48 +0000 2021, -80.369153, 25.825643, Hoy es viernes Hoy se bebe Y se jode ğŸ¾ğŸ¥‚ğŸ¥³ 
DJGEE, Sat Jan 30 03:36:48 +0000 2021, -79.913521, 43.260695, @DrDiscHamilton @DJGEETV For sure ğŸ™ğŸ»ğŸ™ğŸ» much love 
Chastity_Wells_, Sat Jan 30 03:36:49 +0000 2021, -82.672903, 27.795720, What a shit storm 
Fame_mK2, Sat Jan 30 03:36:49 +0000 2021, -95.272323, 38.609063, @AustinCruelty @GentryGDM @Rutgers_Lou Those guys are repopulating the state of Montana after that placement 
jtp2106, Sat Jan 30 03:36:49 +0000 2021, -73.948775, 40.655138, @amandamull I got lazy and bought a slicer so now every omelet has peppers and onions. Totally worth it 
bryceburgessis1, Sat Jan 30 03:36:48 +0000 2021, -95.538134, 30.337514, https://t.co/RdLDb0VgO0 
AcidneverSlack, Sat Jan 30 03:36:49 +0000 2021, -119.025163, 35.346902, @iTzSergioBruhh Appreciate you bro Iâ€™m mad my daughter had to see that 
PaulPep4, Sat Jan 30 03:36:49 +0000 2021, -94.570042, 39.208563, @kc_mavericks https://t.co/Ep7Rzrjcu5 
marianabaar96, Sat Jan 30 03:36:49 +0000 2021, -103.233130, 25.244223, @YessicaMarrufo Jajaja yo tambien ando con lo mism9 
lotusf33t, Sat Jan 30 03:36:49 +0000 2021, -117.434547, 47.667438, @Ketih_the_Yeti Off their meds 
PghFox, Sat Jan 30 03:36:49 +0000 2021, -79.888224, 40.349195, That doesn't look lime a basement.#BidenHarrisAdministration #PresidentBiden https://t.co/4V0gX0wqAw 
511NY, Sat Jan 30 03:36:49 +0000 2021, -72.668162, 41.769533, Incident on #I84 WB at 0.05 miles beyond Exit 50 (US 44 WB) https://t.co/rIN1ui401j 
mltay85, Sat Jan 30 03:36:49 +0000 2021, -70.432176, 43.505302, @newscentermaine @TVLeeG Why people do this is beyond me. Just why? 
511NY, Sat Jan 30 03:36:49 +0000 2021, -73.833543, 40.771131, Construction on #I678 NB at Linden Place; I-678 https://t.co/5asVCEZkqZ 
silkybo1, Sat Jan 30 03:36:49 +0000 2021, -97.347574, 37.552066, At least Pee Tapes 
gaymiIa, Sat Jan 30 03:36:49 +0000 2021, -121.739163, 38.558554, @csmilaobsessed queria el poster rosa pero sale a 28 con envio ğŸ˜­ 
jazzygirl081, Sat Jan 30 03:36:49 +0000 2021, -117.104989, 32.810012, https://t.co/pIEZKhJeO5 
HayvenMcCracken, Sat Jan 30 03:36:50 +0000 2021, -97.343915, 37.683897, posted it everywhere else so why not https://t.co/6aulz1019U 
Dj_Richie_Dan, Sat Jan 30 03:36:50 +0000 2021, -83.804475, 27.698682, @SebGorka Were you looking to land a modeling contract Gorka? 
LaquieshaIsLuv, Sat Jan 30 03:36:50 +0000 2021, -118.411907, 34.020789, This subway hitting on God 
misemici, Sat Jan 30 03:36:50 +0000 2021, -86.142922, 39.779562, @TheSummerJewel I laughed at the subject line as I deleted it. 
rona65, Sat Jan 30 03:36:50 +0000 2021, -118.156711, 33.809172, "...there were two campaigns to elect Donald Trumpâ€” one run by Trump and one run by the Russian government."https://t.co/UrOYS51FTl 
bob66668047, Sat Jan 30 03:36:50 +0000 2021, -93.361321, 46.441861, @JackPosobiec TouchÃ© https://t.co/zODteIm0ff 
ScottErickson5, Sat Jan 30 03:36:50 +0000 2021, -86.876214, 30.424392, @HockeyMankato #MavFamFeud Pawloski with a shutout! Seems about right. 
connor_asada, Sat Jan 30 03:36:51 +0000 2021, -100.076888, 31.168893, you shooooo cryyyyy pretty 
Krvsty, Sat Jan 30 03:36:51 +0000 2021, -72.802142, 40.861830, â—ï¸Claire needs our help peopleâ—ï¸ 
Ultraman1973, Sat Jan 30 03:36:51 +0000 2021, -95.765171, 36.062702, I'm at Buffalo Wild Wings - @bwwings in Broken Arrow, OK https://t.co/4EEwS3XIbq 
Mlk_1991, Sat Jan 30 03:36:51 +0000 2021, -122.435979, 37.770657, ÙØ§Ù‚ØµØ¯ Ø§Ù„Ù‰ Ù‚Ù…Ù… Ø§Ù„Ø§Ø´ÙŠØ§Ø¡Ù ØªØ¯Ø±ÙƒÙ‡Ø§ ØªØ¬Ø±ÙŠ Ø§Ù„Ø±ÙŠØ§Ø­ ÙƒÙ…Ø§ Ø±Ø§Ø¯Øª Ù„Ù‡Ø§ Ø§Ù„Ø³ÙÙ†Ù 
DunnHingst, Sat Jan 30 03:36:51 +0000 2021, -82.807855, 42.675010, The GOP cannot profess to support the police but then disregard the attack of the police on Jan 6. Trump and his atâ€¦ https://t.co/XfacAMb0AZ 
urdeal59, Sat Jan 30 03:36:51 +0000 2021, -112.124676, 33.552863, @InTheNoosphere No 
olvermom, Sat Jan 30 03:36:51 +0000 2021, -117.789005, 33.890425, @KFILE It hasnâ€™t been long at all.  I promise you one day you will cherish all the good times!   One day at a timeâ¤ï¸ 
josephstacker2, Sat Jan 30 03:36:51 +0000 2021, -86.435508, 36.965671, Kentucky Vs Texas Game Cancelled Tomorrow Basketball Game For Covid 19 We Need Rescheduled The Game Or Play Kansasâ€¦ https://t.co/dWBbzpvLjY 
rcevetto, Sat Jan 30 03:36:51 +0000 2021, -80.759416, 41.190866, @TheHookRocks Out Ta Get Me 
RockinRLTX, Sat Jan 30 03:36:51 +0000 2021, -97.135638, 32.701850, Pull the decree you stalking troll and you will see that I didnâ€™t take one cent. Quit running your mouth about thinâ€¦ https://t.co/PkkBrT5RbM 
STLDanni, Sat Jan 30 03:36:51 +0000 2021, -90.551064, 38.586212, @janelle_in_stl Hahahaha! Way to commit! I got through it in like 12 hours as well. Could not turn it off! https://t.co/37xqwjtXTE 
dreteezy, Sat Jan 30 03:36:51 +0000 2021, -80.294893, 26.156619, @sydneynoaustra1 ğŸ¤£ 
rforest13, Sat Jan 30 03:36:51 +0000 2021, -94.498228, 37.096519, @mello ğŸ˜‰ 
BrandonG_25, Sat Jan 30 03:36:51 +0000 2021, -101.701754, 34.188727, @TweetPete_1 @TanisJackson23 @AveryGute18 Wow good move by the Cards! 
RyansCardss, Sat Jan 30 03:36:51 +0000 2021, -96.672767, 33.112317, Wow I definitely didnâ€™t meant it like that. Cards boys. Cards. Jesus 
DmytrukJeff, Sat Jan 30 03:36:51 +0000 2021, -93.249777, 45.049967, @EricJrAllStar @giannakneepkens Congratulations 
cereal_whore, Sat Jan 30 03:36:51 +0000 2021, -101.897173, 33.570526, One* 
fucckyassy, Sat Jan 30 03:36:51 +0000 2021, -79.272570, 43.629311, @HeartLakeRecord Love yâ€™all back! â¤ï¸ 
Eugene1172, Sat Jan 30 03:36:52 +0000 2021, -83.173867, 32.678207, @beautyby_jasz @Jennypjd @NyxCosmetics Your welcome 
RouusVillarreal, Sat Jan 30 03:36:52 +0000 2021, -100.196134, 25.676603, Me preguntan que si me pondrÃ­a la vacuna rusa, wey, comÃ­ tacos del obelisco toda la facu. Obvio sÃ­ 
bwbluestv, Sat Jan 30 03:36:52 +0000 2021, -122.278486, 37.758798, ğŸ¥ğŸ¥ğŸ¥SHOUT OUT VIDEOSğŸ¥ğŸ¥ğŸ¥ @JasonPLondon &amp; @imcorinnemec will be recording Personalized Thank You Videos this weekend,â€¦ https://t.co/2VnXlPvCpW 
ObsidianBlade_, Sat Jan 30 03:36:52 +0000 2021, -117.104989, 32.810012, @LilCFlo Whereâ€™s this supposed army to hold the line? MIA so far ğŸ˜­ 
hooded_eye_girl, Sat Jan 30 03:36:52 +0000 2021, -76.355918, 36.841764, @FedEx @FedExHelp your service is absolute TRASH!!!! My package from @bhcosmetics has been sitting in Needles, CA fâ€¦ https://t.co/xVH7Wh6z1c 
TownCenter2, Sat Jan 30 03:36:52 +0000 2021, -81.466624, 41.606118, Brett Fulton puts one back for @RRebounders https://t.co/wnewFri6lE 
BUNZZBUNNYY, Sat Jan 30 03:36:52 +0000 2021, -117.022695, 38.502147, Boss move ğŸ™ŒğŸ¼ğŸ’¯ thank you ğŸ‘ 
bwbluestv, Sat Jan 30 03:36:52 +0000 2021, -122.278486, 37.758798, ğŸ“‘ğŸ“‘ğŸ“‘AUTOGRAPHED SCRIPTSğŸ“‘ğŸ“‘ğŸ“‘will be printed once we have a locked director's draft, which should be any day now. The 8â€¦ https://t.co/KzcvXn5zYh 
BrndnBmnPhotos, Sat Jan 30 03:36:52 +0000 2021, -89.266508, 39.739300, Badasssss 
magicman0293, Sat Jan 30 03:36:52 +0000 2021, -85.768241, 37.822244, @dogskidsncake @DavidCornDC Joe Flynn...IS a patriot... Roger Stone is a convicted felon... pardon or not. By pardoâ€¦ https://t.co/Au8THFITG5 
bwbluestv, Sat Jan 30 03:36:52 +0000 2021, -122.278486, 37.758798, ğŸ“¬ğŸ“¬ğŸ“¬That said all the perks are processing and will be sent out as soon as possible. Thank you so much for your suppâ€¦ https://t.co/UBKhM91T9u 
CarlyELehwald, Sat Jan 30 03:36:52 +0000 2021, -87.732013, 41.833585, @AdamParkhomenko Lololol 
sofiapatience, Sat Jan 30 03:36:52 +0000 2021, -80.369153, 25.825643, going live on instagram in 5 min come hang @ duboissofia 
laikachi, Sat Jan 30 03:36:52 +0000 2021, -75.800141, 45.248791, @LaLaKosply I'm like... Pretty sure I've seen it once before? The details were hazy but I really loved it this timeâ€¦ https://t.co/iIhqgjtE1Q 
mauraconsedine, Sat Jan 30 03:36:52 +0000 2021, -73.831187, 40.670879, a year ago today I randomly decided to buy a second row jagged ticket for myself..... I miss being this happy ğŸ¥² https://t.co/Wp3KDjq8Gb 
yashasvilv, Sat Jan 30 03:36:53 +0000 2021, -80.428864, 37.229291, 180k likes...... 
kmheggen, Sat Jan 30 03:36:53 +0000 2021, -91.682855, 41.976528, @coachkruz Oh if only his name was Fieldhouse. 
JulieTyrrell3, Sat Jan 30 03:36:53 +0000 2021, -81.197276, 28.588445, @genej101 @justbeachy200 https://t.co/1rzI2JOsAj. Some info on treatment of increased copper in neuro degenerativeâ€¦ https://t.co/1HCv4gJtSZ 
joncwriter, Sat Jan 30 03:36:53 +0000 2021, -122.435979, 37.770657, Night view https://t.co/OLQDOJwyQq 
dmc1701, Sat Jan 30 03:36:53 +0000 2021, -75.800141, 45.248791, Gotta retweet this because the garbage coming out if the right is consistent and plays well to the base. This guy hâ€¦ https://t.co/SOErogJKv6 
bonedogswife, Sat Jan 30 03:36:53 +0000 2021, -118.411907, 34.020789, Turns out "forever" means like 2 hours and change 
l_grayston, Sat Jan 30 03:36:53 +0000 2021, -82.707778, 27.861014, Writ of quo warranto 
J_prince239, Sat Jan 30 03:36:54 +0000 2021, -81.823177, 26.622149, I'm in sales I get the ABC's...but damn stop trying to push your products....be a normal person...have normal conversations...be human 
Reggie_IsDead, Sat Jan 30 03:36:54 +0000 2021, -75.117998, 40.004866, I know yâ€™all mfs donâ€™t cook or if yâ€™all do yâ€™all donâ€™t clean yâ€™all stovetops because wtf is there to be disgusted bâ€¦ https://t.co/iCAgBylqcy 
YuriyATL404, Sat Jan 30 03:36:54 +0000 2021, -115.135165, 36.060964, https://t.co/RIKpZ3FAgr 
ChinLovesIowa, Sat Jan 30 03:36:54 +0000 2021, -91.618471, 41.754823, @IrrationalHawk #Fact 
KalEl02931697, Sat Jan 30 03:36:54 +0000 2021, -100.270474, 25.736715, Pues es la medida normal, no?... https://t.co/CJHbcqOUAb 
queenbriyonce, Sat Jan 30 03:36:54 +0000 2021, -74.896355, 39.958270, love him ğŸ˜› 
SeanJunor, Sat Jan 30 03:36:54 +0000 2021, -123.133243, 49.288257, A good vaccine assessment amidst the noise of who is to blame 
lumpblock, Sat Jan 30 03:36:54 +0000 2021, -111.737566, 33.405755, @SLMcOwan @bariweiss @Ayaan Or maybe she's wrong, as all the predictable crowd rush to sing her praise.See how that works? 
lvpthemvp, Sat Jan 30 03:36:54 +0000 2021, -84.433106, 33.767195, @DatelineNBC Not at all. ğŸ˜‚ 
530postscript, Sat Jan 30 03:36:54 +0000 2021, -119.025163, 35.346902, #2KChecksLet Joe Biden know how you feel about not getting the $2,000 check you were promised.#2000StimulusCheckshttps://t.co/IvjDQsSOw8 
ALoFitz3D, Sat Jan 30 03:36:54 +0000 2021, -87.732013, 41.833585, @SteiberMedia There are some challenges I can't turn down. I'll delete insta before I get rid of Twitter tho. 
ninerpride66, Sat Jan 30 03:36:55 +0000 2021, -112.462861, 40.592501, @RANS0M__ Ransom, my bad I donâ€™t follow baseball and I was complaining that the trade involved baseball players. Buâ€¦ https://t.co/01lRnwGDXl 
RobbieDuckwort5, Sat Jan 30 03:36:55 +0000 2021, -79.861034, 35.170499, @turtledumplin Stunning very beautiful 
Mom2MomResale, Sat Jan 30 03:36:55 +0000 2021, -77.315676, 37.523189, Preemie outfits in stock! Hurry they wonâ€™t last long. @ Mom 2 Mom https://t.co/UlmbA3jVnY 
Becca1186, Sat Jan 30 03:36:55 +0000 2021, -118.063704, 33.928933, PSA. Weâ€™re still in a pandemic, so paying with cash means I have to wash my hands every time. Iâ€™m in pain. Please sâ€¦ https://t.co/JUYWraqB4M 
nightjousting, Sat Jan 30 03:36:55 +0000 2021, -80.240128, 43.534199, ğŸ¤­ğŸ¤­ğŸ˜† @optic__core https://t.co/fnv3IYSq0j 
cubjspelka, Sat Jan 30 03:36:55 +0000 2021, -85.768241, 37.822244, Do I think that the cubs care, hoyer might but not Ricketts. Please let get Colton Wong. 
EFrazier512, Sat Jan 30 03:36:55 +0000 2021, -98.540651, 29.417501, God bless Texas 
jazzygirl081, Sat Jan 30 03:36:55 +0000 2021, -117.104989, 32.810012, https://t.co/wOePlVId9z 
Suzanne31785213, Sat Jan 30 03:36:55 +0000 2021, -83.369718, 42.311306, #ExpelHerNow #ExpelHerNow 
dais_isabel, Sat Jan 30 03:36:55 +0000 2021, -90.247824, 38.653771, Over it. 
MarkSmi35403454, Sat Jan 30 03:36:55 +0000 2021, -94.822776, 29.287575, @RealMattCouch Drive 
DavidCMurphy, Sat Jan 30 03:36:55 +0000 2021, -118.411907, 34.020789, I hate near me so much. We need ample dense housing so that people donâ€™t have to live on top of each other. Cost ofâ€¦ https://t.co/QBHt0DBFKq 
BigJoeRambler, Sat Jan 30 03:36:55 +0000 2021, -89.329708, 43.059717, @BURedSeaCrazie This is my fear! It's always a moving target. 
lt3taylor, Sat Jan 30 03:36:56 +0000 2021, -77.522374, 37.643906, @lee60167470 @catturd2 And a razor 
LindaFrum, Sat Jan 30 03:36:56 +0000 2021, -79.272570, 43.629311, @UMClubToronto @UMich @UMichAdmissions So nice! Thank you. We couldnâ€™t be happier. ğŸ¥³ 
rochae_04, Sat Jan 30 03:36:55 +0000 2021, -118.411907, 34.020789, Since everyone hates Guiliani now, can we get the porn theaters back in the Broadway Theater District? Adults likeâ€¦ https://t.co/BJjFI0l7Hz 
ssalazarvc, Sat Jan 30 03:36:56 +0000 2021, -115.223125, 36.232915, Surprise your loved ones this Valentineâ€™s Day!! Check out my small business @bleuecreations on insta or the link inâ€¦ https://t.co/L9EJUtDRSi 
Mattieb___, Sat Jan 30 03:36:56 +0000 2021, -93.809434, 32.461107, @TankieRay I think some folks do valentines theme, mardi gras &amp; easter 
OchoA_Problem, Sat Jan 30 03:36:56 +0000 2021, -73.948775, 40.655138, Another Mata 
skullerrr, Sat Jan 30 03:36:56 +0000 2021, -81.096316, 29.289812, @MasonAllMighty_ you havenâ€™t tweeted about doge all day and I check my Robinhood and Iâ€™m scared 
Lakeram_, Sat Jan 30 03:36:56 +0000 2021, -73.831187, 40.670879, Not me shooting my shot ğŸ¥´ğŸ¥´ 
reiko_so_dizzy, Sat Jan 30 03:36:56 +0000 2021, -118.411907, 34.020789, Some of y'all not knowing that the debut actor for Usagi for the original sailor moon (sera myu) musical went on toâ€¦ https://t.co/482ejOFv0L 
TimbWolvesAD, Sat Jan 30 03:36:56 +0000 2021, -116.238001, 43.598033, Wolves Boys BKB takes the lead over Borah after a 3 from Lumsden and another 3 from Kiesau.  33-27 with 3:30 to go. 
rob2n8wng, Sat Jan 30 03:36:56 +0000 2021, -76.691403, 39.240504, @MattMinerXVX Wow. Hugs!! https://t.co/j14ZRhJw00 
OpelikaDog, Sat Jan 30 03:36:56 +0000 2021, -85.385497, 32.636396, No, the @GOP is weak. If they stood up to the corruption, we would be in a better place. All of them have left Godâ€¦ https://t.co/StSSqaHAvA 
Ask_Trevor, Sat Jan 30 03:36:57 +0000 2021, -72.451172, 43.871757, #bass #phish #mikegordon 
Chase_Glorfield, Sat Jan 30 03:36:57 +0000 2021, -114.465155, 42.561255, Dallas is playing some lazy defense. 
SLMarelich, Sat Jan 30 03:36:57 +0000 2021, -121.191453, 39.239491, @mmpadellan #ExpelHerNow 
stokes_kal, Sat Jan 30 03:36:57 +0000 2021, -106.632718, 35.117002, If they dont have prominent roles going forward, so help me I will burn it all down 
DaRealELOHES, Sat Jan 30 03:36:57 +0000 2021, -77.912100, 34.223200, Just posted a photo @ Wilmington, North Carolina https://t.co/evoSWEXmE3 
Barb_Marleyy, Sat Jan 30 03:36:57 +0000 2021, -80.175763, 25.879932, but i do love my new weightğŸ¥²finally looking like a womanğŸ™ƒ 
JGDodsonNV, Sat Jan 30 03:36:57 +0000 2021, -119.827182, 39.512436, I learned that FMLA only covers 12 weeks total, including time saved/accrued/earned. I thought I could use my paidâ€¦ https://t.co/JuCQ1CiFZb 
VeeLopez6, Sat Jan 30 03:36:57 +0000 2021, -110.915573, 32.189391, @RichMoneyMonkei $GoddessofLoveV 
AdamGoesHam, Sat Jan 30 03:36:57 +0000 2021, -118.411907, 34.020789, @saruhschwartz Honestly this one was fantastic ğŸ˜‹ 
JeffMcCobb, Sat Jan 30 03:36:57 +0000 2021, -118.411907, 34.020789, @MrControversy83 I honestly think heâ€™s really good in this. 
AngelGutie3, Sat Jan 30 03:36:57 +0000 2021, -100.076888, 31.168893, BIG BODY!!!!! #GoSpursGo 
Sam_Meeker, Sat Jan 30 03:36:57 +0000 2021, -100.076888, 31.168893, i need to know if this is real right tf now someone tell me 
Myss_Willis, Sat Jan 30 03:36:57 +0000 2021, -73.948775, 40.655138, @stxfxnny https://t.co/4BqLEtwDPz 
timagne, Sat Jan 30 03:36:57 +0000 2021, -112.124676, 33.552863, @linabeaudry WHY ARE THEY DOING THIS? 
TheLagestweets, Sat Jan 30 03:36:57 +0000 2021, -93.606369, 41.576437, @kurtsample @Love_Verbs @Clbgo49Carol @tedlieu @RepMTG The right to bear arms shall not be infringed. Seems straighâ€¦ https://t.co/vN7wqq55pZ 
anantucketlady, Sat Jan 30 03:36:57 +0000 2021, -112.283112, 33.615955, How is he getting away with it while T had to go through Congress for most of his with constant hassles?  Not one oâ€¦ https://t.co/kupmOPwviu 
GorgeousBossKy, Sat Jan 30 03:36:57 +0000 2021, -87.732013, 41.833585, Iâ€™m Up Next ğŸ˜Œ 
gifwiththetimes, Sat Jan 30 03:36:57 +0000 2021, -77.014398, 38.898603, Rewatching #homeland for the billionth time and while I was doing some googling to figure out if young Saul was voiâ€¦ https://t.co/BRNuDaLlrD 
mikesuper22, Sat Jan 30 03:36:57 +0000 2021, -96.398422, 30.159590, @pkart14 @Nicholastweet12 @Sarasteeg @LawrieJohnston @SheRa_Persists @HadokenAndy @AndyCatBug @DevontheSuperâ€¦ https://t.co/xgoU7HzKYt 
Senor_Sweetz, Sat Jan 30 03:36:58 +0000 2021, -98.540651, 29.417501, We look so good in the open court we move the ball so well at time with our young guys running. 
SolomonRDavid, Sat Jan 30 03:36:58 +0000 2021, -90.833088, 29.794553, @TubunMuzuru @WildlifeBioGal Fast-flying, high-metabolism, armored, toothy snootimal ğŸ˜‚ğŸ‘ 
Olerud27, Sat Jan 30 03:36:58 +0000 2021, -97.285913, 32.779967, I am Mackey Sasser 
Bryan_C9, Sat Jan 30 03:36:58 +0000 2021, -117.104989, 32.810012, Damn. Our leader bailed 
ericthulhu, Sat Jan 30 03:36:58 +0000 2021, -87.732013, 41.833585, This episode of untucked is still less drama than literally any episode of Love and Hip Hop lol no one even shook tâ€¦ https://t.co/YXHBpDh2Ls 
njvivaldi, Sat Jan 30 03:36:58 +0000 2021, -86.145320, 39.583039, @johncampea 100% convinced Strange shows up in finale.  And wouldnâ€™t be surprised if you get a James Spader/ Ultron return. 
stephenisavage, Sat Jan 30 03:36:58 +0000 2021, -97.754724, 30.323346, Shoutout to @myhaam  for being awesome and paying for my health insurance, but it's just a shame that this meal kitâ€¦ https://t.co/idwOkupz7T 
Long_1969, Sat Jan 30 03:36:59 +0000 2021, -83.574671, 41.656590, I am always leery of those who once supported Trump but then in the last year quit &amp; "start" saying how bothered thâ€¦ https://t.co/vfArTmvY2V 
DineroLunes, Sat Jan 30 03:36:59 +0000 2021, -88.279219, 40.107484, ğŸ¤¬ 
kantguardme, Sat Jan 30 03:36:59 +0000 2021, -89.922029, 35.133521, lol b for real 
darynelweekly, Sat Jan 30 03:36:59 +0000 2021, -78.822218, 43.830985, So Paul Bogleâ€™s photo wasnâ€™t actually Thomas Jenningsâ€™? https://t.co/5AvcWRDr7H 
Jbabydagoat, Sat Jan 30 03:36:59 +0000 2021, -95.446486, 29.838495, @maryy_tk @essjayy2345 @bluajah_ But Everybody tryna come to America be the lowest class too. And no we not, cause the Mexicans. So... 
chresistopher, Sat Jan 30 03:36:59 +0000 2021, -86.791549, 36.200008, @NotASheepNope Our new radical overlords? https://t.co/63K4SDaJZt 
StrickRoss, Sat Jan 30 03:36:59 +0000 2021, -118.348556, 33.995576, @DallasBBritt @baldheaded1der I don't know if we can afford to be that patient... rest of the league is catching up fast ğŸ˜ª 
mikebednarski, Sat Jan 30 03:36:59 +0000 2021, -79.272570, 43.629311, @coopSpeak @Kelans27 If a medical doctor can balance public health and the economy, then a hash dealer can balanceâ€¦ https://t.co/pvHVquHm5M 
swankjah1k, Sat Jan 30 03:36:59 +0000 2021, -81.956283, 35.058970, gotta be fucking kidding me... 
queennefertitir, Sat Jan 30 03:37:00 +0000 2021, -73.968542, 40.780709, i canâ€™t wait until everything comes out though ... half of the world gonna be on suicide watch ğŸ˜‚ 
roddyetwit, Sat Jan 30 03:37:00 +0000 2021, -118.248063, 33.839612, @Jencita22 @JBLNT1 Your hair is amazing! Which I noticed after 20 minutes.......ğŸ˜‰ğŸ’¯ 
bartolovich_b, Sat Jan 30 03:37:00 +0000 2021, -84.539813, 39.137038, iâ€™m so happy like youâ€™re kidding 
keithchaven, Sat Jan 30 03:37:00 +0000 2021, -121.873730, 37.331159, @_virginiaplain What can we doWHAT CAN WE DO!!!! 
thirdeyeKai, Sat Jan 30 03:37:00 +0000 2021, -95.990175, 30.083158, IM OVER HERE CRYINGGGGğŸ’€ğŸ’€ 
TigerfangLacey, Sat Jan 30 03:37:00 +0000 2021, -116.941877, 32.818926, @LorenaAD80 What about we contractors out of work or losing work because of #ab5? #RepealAB5 #RepealAB5 #RepealAB5 
ninjaloha50, Sat Jan 30 03:37:00 +0000 2021, -157.799589, 21.319944, Pau hana time for the lifeguard. ğŸ“· Aloha 2ğŸ˜·2ğŸ’‰ #HappyMMXXI #Tier2 #ReopeningStrategy #MakaukauHawaiiâ€¦ https://t.co/JqW5RsF728 
evhorochowik, Sat Jan 30 03:37:00 +0000 2021, -83.002085, 42.295065, Alan Watts - The Principle of Not Forcing  https://t.co/efgsgwHmNo #alanwatts 
HHSSuperFan, Sat Jan 30 03:37:00 +0000 2021, -76.569200, 40.286834, Thanks to @Hershey_Hockey1 for letting me have this view again! #TrojanPrideNeverDies https://t.co/rNyTjex3o7 
test5geo1798, Sat Jan 30 03:37:00 +0000 2021, -122.416738, 37.776796, TEST_PLACE: 662b8eed-26c2-4bbe-83c2-ac25baef802e 
nick_schmidt_10, Sat Jan 30 03:37:01 +0000 2021, -108.562922, 45.797446, Sports professionals know how to execute - positive mark for the industry!  Maybe @WAStateGov should look into that 
SavvyAsF, Sat Jan 30 03:37:01 +0000 2021, -84.515786, 33.846765, https://t.co/7EYSoH9gJz 
citizenj17, Sat Jan 30 03:37:01 +0000 2021, -122.435979, 37.770657, @JennyChachan @ricshar333 I am ! lol... joking aside. I never expected to be called that in liberal #SanFrancisco.â€¦ https://t.co/KaoIRrGi68 
annaclairecloud, Sat Jan 30 03:37:02 +0000 2021, -115.135165, 36.060964, @KayCarterxxx @danadearmond On my way !! ğŸƒâ€â™€ï¸ 
ace292325, Sat Jan 30 03:37:02 +0000 2021, -74.240032, 40.417493, @jerryferrara @IQ_GodSon @nyknicks Gotta get his jersey !!! 
mariannelaurens, Sat Jan 30 03:37:02 +0000 2021, -74.113026, 45.972388, @slipcoquilleJiC @colecaufield @CanadiensMTL @JiCLajoie @maxvanhoutte @PereNoelPOKER @mathiasbrunetâ€¦ https://t.co/qHx3j3yq7b 
AcidneverSlack, Sat Jan 30 03:37:02 +0000 2021, -119.025163, 35.346902, @rocketman_LM Had a lil fucked up day 
Pain_Success, Sat Jan 30 03:37:02 +0000 2021, -79.272570, 43.629311, Momochi zabuza 
pdxpolicelog, Sat Jan 30 03:37:02 +0000 2021, -122.680827, 45.529192, DISTURBANCE - PRIORITY at 900 NW KEARNEY ST, PORT [Portland Police #PP21000026660] 19:26 #pdx911 
sixfourclub, Sat Jan 30 03:37:02 +0000 2021, -79.616073, 43.555244, Beat international signing of the year 
GEMS_RSalcido, Sat Jan 30 03:37:02 +0000 2021, -106.417430, 31.793368, Thank you Ms. Rodarte for recognizing and celebrating our Eagle success ğŸ™Œ. Kids had a blast! #GEMSshineBrightâ€¦ https://t.co/psGmjDiP9r 
Brandonnnn_____, Sat Jan 30 03:37:02 +0000 2021, -115.061127, 36.184754, anyone remember when black beetles played and everyone was like ğŸ§ğŸ½â€â™‚ï¸ 
KHahnenkamp, Sat Jan 30 03:37:02 +0000 2021, -89.273537, 39.537542, This is what I tell my students. We all have the same basic need to feel accepted and loved. Simple. We need to celâ€¦ https://t.co/cTNwFApk77 
123drewman, Sat Jan 30 03:37:02 +0000 2021, -117.154269, 46.730822, 1 good girl worth a 1000 bitches 
psaldana52, Sat Jan 30 03:37:02 +0000 2021, -95.539852, 30.181252, KJ ğŸ’ªğŸ’ªğŸ’ªğŸ’ªğŸ’ªğŸ’ªğŸ’ªğŸ’ªğŸ’ªğŸ’ªğŸ’ªğŸ’ª #GoSpursGo 
ShowtimeMarco2, Sat Jan 30 03:37:02 +0000 2021, -83.099288, 42.352787, One of my favorite playersğŸ•ºğŸ½ğŸ¤ 
pdxpolicelog, Sat Jan 30 03:37:02 +0000 2021, -122.605017, 45.467815, SHOTS FIRED at 5600 SE MALDEN ST, PORT [Portland Police #PP21000026656] 19:22 #pdx911 
pdxfirelog, Sat Jan 30 03:37:03 +0000 2021, -122.777433, 45.539881, MED - MEDICAL at 2300 NW BIRKENDENE ST, PORT [Portland Fire #RP21000008880] 18:22 #pdx911 
thebjwest, Sat Jan 30 03:37:03 +0000 2021, -96.933659, 35.347545, luka need help asap 
Astgio2409, Sat Jan 30 03:37:03 +0000 2021, -80.307064, 25.976124, @Yesus3000hotma1 @1retrovisor @abramartti Las 4 monedas 
nzingaro19, Sat Jan 30 03:37:03 +0000 2021, -75.386460, 39.145024, Yâ€™all donâ€™t even know how much of a blow this is to Philly basketball ğŸ˜´ğŸ˜“ rip Mr. Chaney an absolute legend 
716babe, Sat Jan 30 03:37:03 +0000 2021, -78.853563, 42.896230, @Kimmick86 https://t.co/B9JaVHkr7P 
TheVindicated, Sat Jan 30 03:37:03 +0000 2021, -74.000761, 40.720756, Yu-Gi-Oh's New Format - Introducing Quin!   https://t.co/y0W2wL3FXM 
Coach_H_HHS, Sat Jan 30 03:37:03 +0000 2021, -86.846753, 40.407236, Raiders with the Dub against the all transfer team. Nice work @ben_hendersson and @jakewa1ters ğŸ”·ğŸ”¶ğŸ”·ğŸ”¶ 
DrMoemekaMD, Sat Jan 30 03:37:04 +0000 2021, -96.982788, 32.958255, @GallaherCaren Weâ€™re voting for frontmen/women... those in power donâ€™t really change. Decisions are controlled by aâ€¦ https://t.co/SxiEcdMihi 
blackqueennc, Sat Jan 30 03:37:04 +0000 2021, -83.173867, 32.678207, Yikes 
SwiftyBankai, Sat Jan 30 03:37:04 +0000 2021, -87.967292, 43.056722, This nigga said Ouija board tournament 
NWJS_jobs, Sat Jan 30 03:37:04 +0000 2021, -82.953544, 42.599508, Want to work in Clinton Township, MI? Our latest opening. https://t.co/qmsbU8chPw. Charter Township Of Clinton 
Rude757, Sat Jan 30 03:37:04 +0000 2021, -76.507809, 37.090301, Fuck yâ€™all doin 
vlee317, Sat Jan 30 03:37:04 +0000 2021, -122.463708, 37.782289, I'm at ä¸¸ã®å†…ã‚µãƒ‡ã‚£ã‚¹ãƒ†ã‚£ãƒƒã‚¯ in San Francisco, Calif https://t.co/UCHld627YV 
embodiedsloth, Sat Jan 30 03:37:04 +0000 2021, -105.068348, 39.899287, thinking about @smokeyquartzKJ and getting stupid soon 
ammobangbang, Sat Jan 30 03:37:04 +0000 2021, -83.173867, 32.678207, @capedcrusader21 @JohnyLovely_ I want an outfit change between the wake and the fune. 
mardel_ros, Sat Jan 30 03:37:04 +0000 2021, -117.104989, 32.810012, Puedo soportar temperaturas de -5Â° centÃ­grados, que no pueda soportar el frÃ­o de tu pinche corazÃ³n. 
jazzygirl081, Sat Jan 30 03:37:04 +0000 2021, -117.104989, 32.810012, https://t.co/CIf2XeC5GX 
OfficialJVO, Sat Jan 30 03:37:04 +0000 2021, -81.288532, 28.611402, â™¥ï¸âœ¨â™¥ï¸âœ¨â™¥ï¸âœ¨ 
itsKeveaux, Sat Jan 30 03:37:04 +0000 2021, -81.109617, 32.017285, @tiairab__ Are you in the A or Savannah? 
runderrickbean, Sat Jan 30 03:37:04 +0000 2021, -84.905665, 41.945302, How are you going to follow up a  double wheelstand to the line for the final transfer with "modified heats are up next"? 
LukeZwan, Sat Jan 30 03:37:04 +0000 2021, -122.630908, 45.536402, @prex4 @ScriptPipeline Smirk https://t.co/198tYHun95 
ariefstark, Sat Jan 30 03:37:04 +0000 2021, -95.446486, 29.838495, Mood 
_MattMcLeod, Sat Jan 30 03:37:04 +0000 2021, -97.552161, 35.482844, What a great birthday. Iâ€™ve laughed, Iâ€™ve cried, and, most importantly, Iâ€™ve felt so much love all day. Iâ€™m grateâ€¦ https://t.co/6kGblex47k 
TheGreat_Keeno, Sat Jan 30 03:37:05 +0000 2021, -98.319925, 38.498196, @ShannonSharpe ğŸ˜‚ğŸ˜‚ğŸ˜‚ğŸ˜‚ğŸ˜‚ğŸ˜‚ 
BaptistePrince, Sat Jan 30 03:37:05 +0000 2021, -96.761753, 32.819858, @TrillAssKing Go for it ğŸ‘€ 
Meerkah, Sat Jan 30 03:37:05 +0000 2021, -74.153947, 40.572376, Anyone who believes in, or promotes, the theories of the same people who think â€˜frazzledripâ€™ is a thing, really neeâ€¦ https://t.co/Xy6IT1bm3f 
JennyEdington, Sat Jan 30 03:37:05 +0000 2021, -85.768241, 37.822244, Hey Jude , what about me : ) I love WDRB in the morning ! 
angieslife, Sat Jan 30 03:37:05 +0000 2021, -83.725610, 42.994459, tell her to buy 2 million dollars worth from Oklahoma...who doesn't want it... 
FearOfPieces, Sat Jan 30 03:37:05 +0000 2021, -75.117998, 40.004866, Being the closing manager sucks dick cause I can never go home early. I can try my best to wrap shit up so I can leâ€¦ https://t.co/mbRvw2ELg9 
basedtacos, Sat Jan 30 03:37:05 +0000 2021, -121.873730, 37.331159, I hope Chile misses the World Cup lmao 
NWJS_jobs, Sat Jan 30 03:37:05 +0000 2021, -78.962365, 35.081833, Can you recommend anyone for this job? Call Center Coordinator https://t.co/Au4yd6Nfm5 Fayetteville, NC 
DavidLovesDrag, Sat Jan 30 03:37:05 +0000 2021, -83.157747, 42.507218, @RuPaulsDragRace @joeyjayisgay I love Joey Jay!!!   Sad to see her go home so early. 
loudark, Sat Jan 30 03:37:05 +0000 2021, -98.500000, 29.416700, Goodnight. @ San Antonio, Texas https://t.co/fzdmY38qJq 
dongulfo, Sat Jan 30 03:37:05 +0000 2021, -80.639541, 41.105271, Can't block the bullshit news from the trending section, so I took the bait. 
sessmo237, Sat Jan 30 03:37:05 +0000 2021, -83.173867, 32.678207, Great team win. I see you putting work @JadaSession @DysonAriana ğŸ’ªğŸ¾ğŸ’ªğŸ¾ 
HumanGenre, Sat Jan 30 03:37:06 +0000 2021, -83.804475, 27.698682, Totally cool! Old presidents touched up to look modern. 
ChemicalHerbie, Sat Jan 30 03:37:06 +0000 2021, -90.253346, 30.009352, @spacedej @fulltimecrybb I know I couldnâ€™t do it any justice 
JediJournalist, Sat Jan 30 03:37:06 +0000 2021, -118.159729, 34.035297, @WillMcAvoyACN Shattered Glass and hear me out here... the Tobey Maguire Spider-Man movie, if only because J. Jonahâ€¦ https://t.co/HqEDCNBMKo 
pegster218, Sat Jan 30 03:37:06 +0000 2021, -85.582746, 38.107638, @Konzertgeherin @mafou31 @ElizabethLitow1 @xKristallengelx @MariaFazioNYC @LindaKHinson1 @vampyyri777â€¦ https://t.co/lfd9BYxpEL 
MarcusQ13Fox, Sat Jan 30 03:37:06 +0000 2021, -122.267993, 46.867814, Cars continue lining up for this Pierce County vaccination clinic at Eatonville High School. No appointments are neâ€¦ https://t.co/FooxWTJBCO 
tim_radio, Sat Jan 30 03:49:12 +0000 2021, -94.255668, 35.214574, Capitol Hill. Shameful. #KAG ğŸ‡ºğŸ‡¸ 
tristradamus, Sat Jan 30 03:49:26 +0000 2021, -0.982031, 51.452524, Taking the peace out of all of us. Nobel Peace Prize 
